Runway,Slot_date,Slot_time,Possible_delay,Delay,FlightID,10000
21,2018-05-29,15:01:59,17,17,10001,10001
82,2020-06-03,03:59:27,18,78,10002,10002
93,2018-04-12,02:39:56,59,79,10003,10003
99,2020-05-13,09:17:29,19,43,10004,10004
11,2019-06-08,11:14:34,35,77,10005,10005
16,2019-03-31,10:48:14,42,52,10006,10006
69,2017-11-09,23:47:33,35,20,10007,10007
4,2018-08-04,16:28:12,33,52,10008,10008
71,2019-08-08,03:12:43,29,68,10009,10009
29,2018-05-11,23:50:33,47,93,10010,10010
59,2017-10-20,23:27:44,40,42,10011,10011
52,2017-09-10,20:05:18,38,11,10012,10012
6,2020-11-27,09:25:14,31,81,10013,10013
32,2020-03-04,14:52:48,54,61,10014,10014
88,2016-08-10,14:58:28,34,30,10015,10015
9,2019-08-25,06:40:18,28,41,10016,10016
33,2019-03-25,03:16:35,18,54,10017,10017
59,2018-07-16,18:32:14,50,64,10018,10018
81,2020-09-02,10:07:30,17,46,10019,10019
49,2020-07-12,12:26:29,37,41,10020,10020
41,2019-02-21,03:39:32,47,11,10021,10021
25,2017-02-12,21:32:12,34,89,10022,10022
99,2016-12-15,22:05:07,50,37,10023,10023
94,2020-06-06,12:25:42,44,32,10024,10024
55,2017-08-12,20:21:34,26,61,10025,10025
92,2018-12-13,23:38:59,20,34,10026,10026
89,2018-07-19,02:34:47,15,18,10027,10027
99,2017-04-09,12:40:58,57,70,10028,10028
36,2021-01-21,01:13:42,53,41,10029,10029
41,2016-07-16,00:21:42,14,69,10030,10030
76,2017-08-13,03:34:54,23,53,10031,10031
23,2019-06-14,16:41:47,20,67,10032,10032
48,2016-11-30,13:57:24,50,27,10033,10033
26,2018-06-09,05:52:08,38,63,10034,10034
42,2017-04-14,06:53:41,31,47,10035,10035
22,2017-02-10,00:18:59,33,35,10036,10036
75,2018-10-17,10:33:06,21,17,10037,10037
88,2016-07-01,07:25:21,26,19,10038,10038
61,2016-10-31,23:43:42,18,84,10039,10039
98,2020-05-11,20:50:59,30,36,10040,10040
73,2017-04-21,11:11:10,21,89,10041,10041
42,2017-01-04,18:11:10,58,71,10042,10042
56,2016-09-24,10:52:07,57,75,10043,10043
55,2017-10-22,02:36:45,59,68,10044,10044
84,2017-06-28,02:17:27,57,92,10045,10045
12,2020-11-26,12:03:55,18,80,10046,10046
81,2017-03-21,09:52:24,55,100,10047,10047
81,2017-06-24,01:40:04,27,13,10048,10048
16,2021-04-14,19:08:35,23,73,10049,10049
42,2016-09-02,19:14:14,23,10,10050,10050
47,2021-04-22,21:56:25,40,43,10051,10051
36,2017-07-01,08:49:43,42,48,10052,10052
52,2017-08-17,09:53:55,21,62,10053,10053
98,2020-04-10,10:03:54,44,22,10054,10054
29,2018-10-05,09:12:56,34,67,10055,10055
89,2019-11-23,21:15:50,17,91,10056,10056
75,2017-01-24,20:37:11,51,41,10057,10057
57,2018-08-04,07:31:41,37,39,10058,10058
4,2019-10-06,00:50:35,51,92,10059,10059
3,2019-02-22,06:16:07,56,49,10060,10060
18,2021-02-24,16:19:09,38,20,10061,10061
38,2017-10-08,09:49:35,52,49,10062,10062
80,2017-04-26,01:42:28,13,15,10063,10063
24,2017-09-26,14:45:03,47,88,10064,10064
7,2020-07-08,20:58:59,48,66,10065,10065
72,2020-11-17,07:24:50,42,94,10066,10066
31,2019-05-23,07:42:41,15,25,10067,10067
21,2021-02-27,10:26:31,55,72,10068,10068
95,2017-04-01,08:27:51,10,22,10069,10069
77,2018-05-20,21:51:29,56,82,10070,10070
58,2016-08-20,22:35:52,34,10,10071,10071
37,2020-03-19,17:57:08,45,97,10072,10072
73,2020-01-07,11:34:41,31,80,10073,10073
2,2020-01-17,18:10:44,32,34,10074,10074
65,2021-04-08,22:46:59,15,46,10075,10075
30,2019-08-04,22:57:14,23,37,10076,10076
91,2018-10-06,18:50:12,39,45,10077,10077
69,2018-02-18,14:11:51,35,31,10078,10078
94,2019-02-08,03:36:43,41,56,10079,10079
6,2020-10-04,05:47:36,30,96,10080,10080
57,2016-06-09,15:32:59,40,13,10081,10081
89,2020-01-11,19:08:30,12,38,10082,10082
37,2017-06-29,04:30:09,18,86,10083,10083
71,2016-06-03,05:14:01,36,47,10084,10084
90,2018-06-17,17:35:11,17,25,10085,10085
40,2020-06-08,22:16:59,44,84,10086,10086
40,2019-03-10,18:51:53,23,42,10087,10087
70,2019-10-02,07:16:07,56,83,10088,10088
3,2020-07-27,19:37:30,56,74,10089,10089
15,2021-02-14,04:46:01,38,37,10090,10090
97,2021-02-19,05:27:39,37,16,10091,10091
73,2018-12-10,20:45:25,21,93,10092,10092
77,2020-04-23,01:50:12,49,63,10093,10093
23,2020-04-12,06:37:30,34,100,10094,10094
90,2017-05-18,18:14:57,33,10,10095,10095
95,2017-10-26,07:07:21,21,23,10096,10096
16,2017-07-13,21:51:19,52,91,10097,10097
42,2016-08-02,19:01:08,11,35,10098,10098
29,2016-05-16,02:10:29,50,73,10099,10099
61,2019-03-13,19:11:21,57,35,10100,10100
35,2017-10-19,12:17:48,52,74,10101,10101
11,2016-10-10,12:48:54,59,69,10102,10102
42,2016-11-27,08:08:24,36,78,10103,10103
87,2018-11-09,18:11:41,39,55,10104,10104
38,2019-08-10,17:25:44,52,67,10105,10105
38,2020-04-11,06:51:22,25,99,10106,10106
80,2020-12-24,09:51:47,19,24,10107,10107
94,2017-01-06,08:27:10,49,78,10108,10108
99,2018-11-17,21:34:58,44,80,10109,10109
82,2018-10-10,01:54:18,57,99,10110,10110
39,2017-12-04,20:15:04,50,78,10111,10111
61,2017-01-06,15:20:32,55,28,10112,10112
49,2019-03-01,23:57:29,40,91,10113,10113
43,2018-08-09,05:40:32,40,71,10114,10114
27,2020-05-02,17:37:33,49,77,10115,10115
41,2019-05-30,23:56:02,55,16,10116,10116
32,2019-08-29,16:43:18,57,51,10117,10117
38,2016-08-13,11:23:38,42,91,10118,10118
24,2018-09-06,14:43:55,27,97,10119,10119
80,2017-07-17,16:12:34,32,51,10120,10120
19,2019-06-05,08:51:08,51,85,10121,10121
85,2018-12-20,13:29:38,29,34,10122,10122
90,2019-08-17,02:26:03,10,100,10123,10123
79,2020-07-19,03:29:12,18,34,10124,10124
98,2017-05-30,20:53:51,52,78,10125,10125
48,2018-02-21,20:32:50,23,33,10126,10126
3,2020-02-13,20:32:04,54,77,10127,10127
96,2016-09-18,16:50:20,23,17,10128,10128
17,2018-02-21,13:57:29,40,64,10129,10129
82,2019-05-16,08:35:20,51,80,10130,10130
17,2018-07-06,02:15:01,12,43,10131,10131
52,2018-04-09,00:40:28,41,65,10132,10132
40,2016-09-19,03:26:37,21,85,10133,10133
77,2016-06-17,03:31:58,37,100,10134,10134
79,2018-10-14,11:27:46,25,84,10135,10135
8,2016-09-20,01:33:06,38,48,10136,10136
37,2021-01-02,05:45:06,25,56,10137,10137
17,2017-07-26,15:45:02,35,72,10138,10138
20,2017-04-18,09:19:34,11,91,10139,10139
52,2017-01-04,15:05:12,34,18,10140,10140
83,2020-10-22,18:27:05,50,85,10141,10141
94,2019-09-25,01:53:21,11,81,10142,10142
26,2016-06-16,03:46:44,48,28,10143,10143
62,2020-11-12,18:05:04,41,75,10144,10144
30,2017-07-24,16:07:58,55,86,10145,10145
88,2016-12-20,04:11:27,32,91,10146,10146
34,2019-11-24,16:05:52,25,82,10147,10147
77,2019-01-22,02:52:17,35,27,10148,10148
44,2020-06-16,23:38:20,24,97,10149,10149
53,2016-08-01,06:01:03,26,76,10150,10150
30,2017-09-20,08:35:02,55,73,10151,10151
70,2019-03-07,01:40:21,50,40,10152,10152
67,2021-03-01,15:15:58,13,25,10153,10153
86,2018-11-11,19:10:32,58,81,10154,10154
41,2019-08-16,15:32:04,52,84,10155,10155
96,2017-04-25,13:43:03,26,70,10156,10156
90,2017-08-21,14:00:14,19,82,10157,10157
96,2018-08-19,09:45:41,20,95,10158,10158
55,2021-02-11,00:08:04,47,91,10159,10159
11,2020-01-22,10:38:46,44,83,10160,10160
52,2020-08-08,14:21:35,47,86,10161,10161
68,2019-10-27,11:29:08,54,54,10162,10162
74,2016-12-13,12:34:14,54,57,10163,10163
79,2021-04-28,02:38:45,13,36,10164,10164
94,2021-03-03,12:17:15,51,78,10165,10165
42,2021-04-23,22:17:39,15,10,10166,10166
33,2018-04-02,16:38:58,19,57,10167,10167
26,2020-08-08,08:14:57,54,21,10168,10168
68,2016-05-24,10:04:26,40,34,10169,10169
99,2020-01-27,03:17:19,33,11,10170,10170
50,2020-06-29,14:04:42,17,20,10171,10171
69,2017-05-10,07:01:25,50,72,10172,10172
14,2018-11-05,04:00:17,12,34,10173,10173
80,2018-10-20,04:12:49,25,15,10174,10174
55,2018-10-16,14:01:11,27,19,10175,10175
17,2018-01-25,01:44:46,58,20,10176,10176
58,2019-05-12,22:18:11,28,99,10177,10177
91,2018-11-05,08:24:19,24,69,10178,10178
86,2019-06-08,11:58:39,18,95,10179,10179
43,2018-12-14,03:59:01,54,85,10180,10180
77,2018-03-12,22:10:20,30,23,10181,10181
50,2016-06-04,13:33:15,25,49,10182,10182
78,2017-05-28,20:32:47,14,46,10183,10183
3,2019-04-30,02:08:17,49,13,10184,10184
70,2017-12-20,00:30:12,46,79,10185,10185
23,2016-09-18,18:04:56,21,35,10186,10186
52,2019-11-17,00:34:18,43,71,10187,10187
3,2019-10-22,22:17:53,10,39,10188,10188
58,2021-03-12,23:22:54,35,38,10189,10189
86,2020-06-22,10:26:30,44,10,10190,10190
47,2021-03-27,05:51:14,13,22,10191,10191
48,2016-12-05,11:39:25,21,50,10192,10192
97,2020-01-02,23:12:53,55,85,10193,10193
76,2020-09-19,00:34:40,39,78,10194,10194
12,2020-10-28,21:56:40,42,18,10195,10195
13,2018-02-03,02:36:13,26,52,10196,10196
15,2018-07-27,02:25:32,42,93,10197,10197
54,2020-09-09,02:31:33,48,11,10198,10198
25,2019-10-27,15:14:50,30,80,10199,10199
35,2019-12-03,19:04:59,42,53,10200,10200
95,2019-01-26,06:14:35,25,78,10201,10201
81,2018-10-21,19:41:49,52,38,10202,10202
97,2017-04-04,04:20:45,47,56,10203,10203
40,2017-01-02,17:29:23,37,89,10204,10204
1,2019-06-04,12:12:14,41,63,10205,10205
30,2016-09-04,10:16:54,60,44,10206,10206
56,2019-03-19,11:48:15,16,66,10207,10207
19,2020-03-11,13:34:41,58,12,10208,10208
85,2017-01-24,10:57:26,47,92,10209,10209
23,2019-08-29,10:48:01,26,12,10210,10210
100,2016-07-20,14:32:12,10,86,10211,10211
2,2018-12-21,04:51:31,19,15,10212,10212
38,2018-03-16,18:23:04,45,28,10213,10213
89,2017-08-25,21:34:58,11,25,10214,10214
30,2017-12-10,12:58:59,58,90,10215,10215
54,2019-09-15,02:28:11,43,87,10216,10216
14,2017-12-21,03:39:37,34,87,10217,10217
40,2020-11-29,17:44:59,22,68,10218,10218
29,2020-03-11,17:47:12,12,33,10219,10219
83,2020-04-10,23:28:40,11,52,10220,10220
38,2016-12-12,19:18:46,14,33,10221,10221
16,2016-11-04,21:46:33,17,17,10222,10222
71,2021-04-27,12:48:30,60,89,10223,10223
56,2020-10-08,01:28:59,14,30,10224,10224
53,2018-03-12,09:06:23,15,19,10225,10225
53,2018-01-10,16:59:21,42,10,10226,10226
46,2019-02-11,18:05:14,24,30,10227,10227
2,2016-05-25,13:41:29,20,85,10228,10228
13,2016-07-25,23:03:48,44,34,10229,10229
44,2017-09-15,11:56:15,43,82,10230,10230
17,2017-01-09,12:40:07,29,54,10231,10231
14,2021-03-30,07:05:38,45,23,10232,10232
67,2021-01-27,20:51:24,55,87,10233,10233
78,2018-01-17,00:01:49,60,58,10234,10234
74,2020-12-29,03:22:34,14,40,10235,10235
12,2018-09-23,05:37:13,33,82,10236,10236
97,2020-06-13,10:41:40,56,93,10237,10237
65,2016-11-27,10:42:54,26,99,10238,10238
6,2019-04-14,04:22:29,26,29,10239,10239
86,2020-04-20,17:54:52,32,20,10240,10240
32,2020-06-06,07:41:33,18,44,10241,10241
19,2018-12-31,16:07:36,14,20,10242,10242
55,2019-03-09,19:34:09,21,71,10243,10243
73,2016-11-06,20:23:53,53,37,10244,10244
14,2019-11-23,13:40:03,39,25,10245,10245
96,2021-05-06,10:34:48,26,19,10246,10246
48,2020-07-21,19:49:40,31,57,10247,10247
6,2016-09-14,10:16:20,14,22,10248,10248
3,2017-06-12,16:58:14,51,87,10249,10249
97,2016-08-24,18:13:36,33,88,10250,10250
82,2020-03-23,08:31:07,11,36,10251,10251
87,2019-06-16,19:38:40,55,80,10252,10252
62,2018-09-29,01:50:26,41,97,10253,10253
100,2019-04-08,12:23:30,13,44,10254,10254
64,2019-02-27,04:21:45,47,89,10255,10255
91,2017-11-13,01:10:44,45,13,10256,10256
5,2020-09-29,19:53:15,36,83,10257,10257
51,2019-04-20,08:21:05,42,96,10258,10258
11,2017-01-02,16:14:52,13,55,10259,10259
43,2021-02-28,03:57:13,47,48,10260,10260
32,2018-05-16,02:26:04,23,28,10261,10261
68,2017-06-01,18:00:44,15,36,10262,10262
79,2019-05-17,13:36:42,31,94,10263,10263
30,2021-02-04,17:59:04,54,96,10264,10264
68,2019-11-21,03:35:02,23,68,10265,10265
7,2020-04-29,10:21:14,36,87,10266,10266
77,2018-11-18,10:01:17,53,87,10267,10267
17,2018-08-13,20:40:38,29,87,10268,10268
50,2018-03-14,18:19:52,29,56,10269,10269
27,2020-04-23,07:32:55,47,60,10270,10270
14,2018-03-18,06:37:36,27,47,10271,10271
56,2019-12-23,02:05:52,28,65,10272,10272
95,2020-12-29,21:37:30,15,75,10273,10273
28,2016-11-06,17:39:26,47,62,10274,10274
19,2017-02-12,23:03:43,50,98,10275,10275
72,2019-04-17,17:15:39,17,39,10276,10276
87,2018-01-01,00:28:25,27,46,10277,10277
54,2020-11-28,22:38:17,51,25,10278,10278
17,2019-03-22,02:29:42,29,86,10279,10279
5,2016-08-22,04:48:31,56,31,10280,10280
89,2017-01-13,23:26:32,47,14,10281,10281
34,2021-04-13,13:24:37,14,39,10282,10282
93,2018-10-15,08:49:18,30,60,10283,10283
48,2020-02-03,19:11:03,29,61,10284,10284
47,2019-07-23,09:59:26,54,84,10285,10285
60,2020-05-30,10:05:46,46,80,10286,10286
16,2019-08-06,15:21:30,35,78,10287,10287
74,2020-09-12,22:25:32,46,33,10288,10288
54,2018-11-02,01:27:21,56,59,10289,10289
61,2017-11-24,05:53:42,21,69,10290,10290
38,2020-12-01,09:32:18,59,81,10291,10291
10,2020-10-29,14:01:26,25,88,10292,10292
87,2018-01-17,10:48:50,22,57,10293,10293
96,2018-04-30,16:51:49,40,18,10294,10294
12,2019-08-03,06:32:59,11,19,10295,10295
96,2018-04-05,13:01:25,15,32,10296,10296
80,2021-03-06,18:58:49,50,73,10297,10297
61,2020-11-24,20:27:32,56,23,10298,10298
91,2016-11-20,02:23:01,31,79,10299,10299
13,2020-10-27,20:01:24,38,49,10300,10300
83,2021-01-25,11:28:07,35,30,10301,10301
77,2020-10-16,16:04:29,20,96,10302,10302
54,2017-08-29,15:40:14,32,45,10303,10303
68,2019-12-08,08:26:17,22,35,10304,10304
56,2020-05-11,10:31:07,56,32,10305,10305
64,2018-10-29,09:47:09,46,67,10306,10306
60,2020-08-04,14:26:08,17,24,10307,10307
21,2018-02-01,03:42:21,50,14,10308,10308
62,2020-12-06,23:54:28,54,75,10309,10309
5,2016-08-08,07:47:22,27,84,10310,10310
45,2018-03-24,18:23:31,43,72,10311,10311
71,2017-11-20,12:42:53,49,14,10312,10312
39,2019-08-18,09:33:01,16,96,10313,10313
60,2020-01-26,00:28:13,40,12,10314,10314
34,2016-10-10,22:05:17,56,12,10315,10315
85,2018-01-09,15:22:01,46,94,10316,10316
94,2017-07-10,20:39:46,16,91,10317,10317
1,2018-03-02,19:07:18,19,58,10318,10318
88,2017-03-14,05:03:15,16,21,10319,10319
97,2017-02-19,08:38:09,17,66,10320,10320
18,2019-10-06,17:02:21,12,58,10321,10321
75,2017-04-18,19:34:15,29,87,10322,10322
1,2021-02-16,05:55:20,54,49,10323,10323
14,2016-09-24,05:48:06,40,79,10324,10324
100,2016-10-16,09:20:35,39,82,10325,10325
58,2017-01-20,21:06:46,32,98,10326,10326
61,2017-08-22,06:42:17,38,38,10327,10327
81,2019-06-01,11:57:06,38,86,10328,10328
86,2016-12-07,01:17:14,50,85,10329,10329
47,2018-01-22,05:20:27,44,51,10330,10330
90,2016-09-26,13:13:20,26,99,10331,10331
84,2019-11-29,04:15:33,43,27,10332,10332
66,2017-03-13,21:42:39,14,18,10333,10333
17,2018-01-31,09:30:09,33,43,10334,10334
41,2018-08-07,20:50:52,46,28,10335,10335
81,2020-09-16,10:42:19,58,46,10336,10336
50,2016-07-17,14:58:32,19,73,10337,10337
29,2017-09-21,08:12:51,35,36,10338,10338
29,2019-12-01,10:28:39,18,92,10339,10339
57,2017-01-07,06:26:27,54,86,10340,10340
13,2019-10-12,03:12:08,43,47,10341,10341
19,2020-04-25,17:33:39,54,96,10342,10342
69,2019-04-14,11:18:01,17,13,10343,10343
42,2019-12-26,03:05:38,32,83,10344,10344
98,2020-09-20,19:13:52,41,22,10345,10345
47,2018-09-20,17:16:45,42,47,10346,10346
51,2016-10-23,12:59:56,47,73,10347,10347
60,2017-01-20,23:59:13,14,13,10348,10348
48,2020-07-28,19:23:52,25,81,10349,10349
66,2017-08-10,00:39:28,48,78,10350,10350
9,2017-03-19,14:04:01,12,59,10351,10351
91,2018-08-23,04:46:44,45,81,10352,10352
3,2020-02-21,01:19:44,60,81,10353,10353
81,2017-04-25,13:18:14,53,30,10354,10354
15,2020-05-24,07:53:45,15,68,10355,10355
83,2016-12-15,22:10:22,10,63,10356,10356
8,2021-03-27,10:05:33,60,45,10357,10357
66,2020-03-05,09:37:10,23,30,10358,10358
1,2017-05-23,10:22:40,60,94,10359,10359
28,2020-03-04,23:23:14,46,22,10360,10360
5,2019-05-05,05:55:50,58,42,10361,10361
20,2016-05-26,20:27:00,41,61,10362,10362
65,2019-09-09,09:22:08,13,55,10363,10363
44,2018-07-31,01:06:14,41,65,10364,10364
69,2017-09-19,04:35:21,59,85,10365,10365
77,2017-10-11,13:11:40,36,66,10366,10366
9,2020-02-18,03:57:43,46,28,10367,10367
16,2016-12-22,09:25:33,19,90,10368,10368
23,2020-08-16,19:27:59,24,44,10369,10369
61,2019-09-27,23:53:10,32,23,10370,10370
58,2021-02-25,23:50:14,34,47,10371,10371
54,2019-04-06,01:00:03,22,28,10372,10372
36,2019-12-31,20:20:22,57,32,10373,10373
54,2019-12-03,00:57:44,55,82,10374,10374
42,2020-06-03,06:21:32,40,21,10375,10375
71,2016-05-29,02:20:06,35,77,10376,10376
71,2016-10-14,18:23:36,56,56,10377,10377
50,2017-03-26,10:10:08,43,49,10378,10378
15,2016-07-24,19:07:35,23,67,10379,10379
72,2018-04-27,06:52:38,18,81,10380,10380
43,2020-04-27,18:02:41,10,71,10381,10381
90,2020-08-30,14:46:49,13,34,10382,10382
1,2016-07-11,13:30:22,13,24,10383,10383
54,2016-09-10,09:59:03,15,61,10384,10384
65,2021-02-24,05:28:52,28,43,10385,10385
11,2018-05-09,04:22:07,41,68,10386,10386
98,2018-09-16,22:01:12,21,17,10387,10387
87,2019-10-12,17:21:25,19,65,10388,10388
73,2016-12-17,19:01:48,40,29,10389,10389
63,2017-04-02,06:31:39,27,80,10390,10390
97,2019-12-29,20:43:44,16,66,10391,10391
97,2018-11-05,11:14:35,37,95,10392,10392
78,2018-02-02,07:22:23,27,51,10393,10393
98,2018-08-29,09:16:59,45,87,10394,10394
45,2018-12-18,21:25:02,36,55,10395,10395
5,2019-05-07,23:38:59,38,70,10396,10396
24,2017-12-28,00:33:10,54,40,10397,10397
9,2018-09-20,19:45:07,24,88,10398,10398
2,2017-07-26,19:13:19,31,46,10399,10399
68,2020-12-26,04:12:30,26,20,10400,10400
75,2019-11-16,13:41:12,28,100,10401,10401
25,2017-01-14,04:44:31,23,44,10402,10402
22,2017-05-18,11:49:37,45,86,10403,10403
48,2020-02-18,09:10:53,14,91,10404,10404
22,2020-11-18,17:46:20,28,71,10405,10405
34,2019-12-29,09:52:23,52,87,10406,10406
6,2016-06-10,04:49:07,13,36,10407,10407
51,2017-03-11,17:01:24,44,57,10408,10408
96,2020-01-06,08:42:18,33,52,10409,10409
44,2019-01-27,18:03:25,18,47,10410,10410
65,2017-07-31,10:24:42,50,27,10411,10411
4,2018-03-22,03:01:51,33,80,10412,10412
61,2018-07-09,02:06:30,32,79,10413,10413
13,2019-04-08,14:51:40,39,55,10414,10414
73,2018-12-12,00:33:35,20,94,10415,10415
69,2016-12-31,21:08:45,46,44,10416,10416
13,2020-09-07,23:22:41,28,17,10417,10417
1,2017-08-11,00:07:41,19,56,10418,10418
81,2016-06-29,23:22:36,19,33,10419,10419
88,2021-03-02,12:08:30,19,83,10420,10420
35,2020-07-06,12:57:14,50,75,10421,10421
23,2018-09-17,05:15:48,53,48,10422,10422
1,2017-12-18,20:58:01,10,87,10423,10423
24,2018-04-29,20:56:26,18,23,10424,10424
66,2018-08-20,22:13:52,54,24,10425,10425
26,2019-07-06,20:35:40,18,40,10426,10426
48,2018-10-27,18:25:50,40,77,10427,10427
49,2018-11-10,01:07:58,44,76,10428,10428
95,2016-10-06,14:54:42,33,30,10429,10429
18,2016-05-31,13:19:41,21,93,10430,10430
44,2018-08-06,13:04:12,30,57,10431,10431
11,2017-03-05,06:02:41,28,64,10432,10432
87,2018-07-26,18:21:56,34,51,10433,10433
61,2016-05-12,19:19:23,12,65,10434,10434
84,2020-01-31,13:06:47,18,57,10435,10435
50,2019-09-10,06:51:28,44,91,10436,10436
25,2019-12-24,19:22:34,43,15,10437,10437
14,2019-10-15,18:34:07,36,86,10438,10438
87,2018-03-13,12:52:09,44,80,10439,10439
58,2016-09-02,02:36:05,53,75,10440,10440
68,2020-01-02,00:28:52,14,87,10441,10441
19,2019-03-11,06:42:19,40,26,10442,10442
43,2018-06-22,04:44:29,12,83,10443,10443
98,2018-03-15,12:49:40,37,45,10444,10444
26,2020-05-28,11:44:00,40,11,10445,10445
95,2019-08-27,00:17:48,43,30,10446,10446
95,2018-10-27,17:18:53,30,54,10447,10447
40,2018-12-05,03:42:39,55,43,10448,10448
81,2020-10-01,12:39:28,54,92,10449,10449
94,2018-12-14,21:35:46,32,86,10450,10450
10,2019-04-19,15:26:49,47,97,10451,10451
38,2019-10-19,22:34:57,43,69,10452,10452
86,2020-06-16,19:43:48,22,28,10453,10453
15,2021-01-16,11:57:06,31,98,10454,10454
31,2019-09-24,05:00:11,56,19,10455,10455
62,2018-05-21,21:19:25,40,68,10456,10456
36,2019-10-04,01:59:34,35,55,10457,10457
73,2019-06-02,11:35:22,40,29,10458,10458
31,2016-11-12,20:21:23,23,38,10459,10459
70,2019-09-02,20:12:28,53,29,10460,10460
99,2019-10-30,07:26:14,58,47,10461,10461
23,2016-11-26,14:23:16,12,79,10462,10462
78,2016-06-26,13:52:17,57,89,10463,10463
5,2020-11-09,09:54:26,40,77,10464,10464
13,2017-08-07,04:20:59,19,21,10465,10465
46,2018-10-01,13:30:24,25,96,10466,10466
45,2020-11-02,17:26:20,42,12,10467,10467
98,2018-07-21,19:06:17,19,49,10468,10468
99,2017-07-03,18:24:00,18,17,10469,10469
87,2017-03-05,23:44:35,13,65,10470,10470
67,2019-01-19,17:07:28,16,23,10471,10471
58,2020-07-19,03:41:05,46,39,10472,10472
12,2019-09-18,00:51:11,36,45,10473,10473
34,2017-05-08,00:32:36,20,38,10474,10474
42,2020-08-08,08:47:31,12,71,10475,10475
93,2017-06-12,21:14:51,24,57,10476,10476
92,2020-07-10,10:28:54,16,13,10477,10477
5,2019-01-13,05:30:34,13,46,10478,10478
8,2017-06-24,10:59:24,21,60,10479,10479
69,2016-12-15,17:23:43,39,17,10480,10480
100,2018-01-14,07:44:31,21,54,10481,10481
94,2019-06-17,11:03:30,13,61,10482,10482
24,2018-08-20,17:02:31,36,10,10483,10483
66,2018-07-12,07:15:00,43,43,10484,10484
3,2017-01-11,07:58:38,39,47,10485,10485
44,2018-01-22,23:19:37,18,14,10486,10486
72,2016-11-02,12:12:24,41,32,10487,10487
48,2017-08-16,12:41:29,29,59,10488,10488
29,2019-07-01,09:02:41,36,20,10489,10489
96,2019-09-06,21:58:54,38,75,10490,10490
44,2019-10-02,14:25:40,33,73,10491,10491
61,2016-08-04,03:29:01,27,89,10492,10492
92,2019-08-19,22:21:22,43,53,10493,10493
69,2018-05-03,20:46:31,53,11,10494,10494
34,2018-08-04,08:28:09,52,91,10495,10495
70,2019-10-13,15:07:29,49,54,10496,10496
42,2018-04-08,09:58:39,39,92,10497,10497
17,2019-02-11,22:27:25,43,18,10498,10498
31,2020-09-08,00:43:58,54,57,10499,10499
5,2020-08-27,14:51:36,18,69,10500,10500
32,2019-06-06,17:09:19,52,79,10501,10501
65,2018-09-03,03:22:51,55,20,10502,10502
82,2016-05-17,04:58:47,56,80,10503,10503
7,2017-10-09,05:53:19,38,99,10504,10504
32,2019-01-09,00:47:35,48,26,10505,10505
43,2016-11-22,17:03:28,51,93,10506,10506
56,2016-07-01,03:52:53,41,41,10507,10507
45,2021-03-01,18:29:28,49,38,10508,10508
24,2018-10-16,07:11:46,40,54,10509,10509
35,2016-12-04,23:45:34,32,36,10510,10510
14,2018-09-03,19:07:03,21,23,10511,10511
53,2016-10-20,00:35:18,13,92,10512,10512
77,2021-03-06,08:32:57,55,71,10513,10513
93,2016-09-24,15:15:33,15,63,10514,10514
49,2021-04-19,05:02:33,51,62,10515,10515
68,2020-03-11,03:32:48,42,73,10516,10516
14,2017-02-16,23:33:50,59,81,10517,10517
13,2017-12-13,17:15:23,49,59,10518,10518
15,2017-10-21,10:34:51,38,96,10519,10519
52,2016-11-25,12:58:35,30,49,10520,10520
41,2018-09-02,03:04:40,19,26,10521,10521
9,2017-10-03,16:16:33,52,50,10522,10522
52,2018-05-05,09:39:59,14,25,10523,10523
41,2020-03-30,03:37:39,54,69,10524,10524
7,2020-04-05,12:43:56,27,53,10525,10525
90,2016-07-08,17:03:37,60,73,10526,10526
65,2017-08-31,18:49:35,18,61,10527,10527
50,2018-02-12,20:48:59,13,77,10528,10528
21,2018-07-14,15:13:23,14,93,10529,10529
99,2020-04-03,12:13:23,26,80,10530,10530
38,2020-01-28,21:43:01,15,75,10531,10531
80,2020-08-17,10:44:39,20,64,10532,10532
28,2019-06-29,08:26:07,30,39,10533,10533
17,2017-11-09,15:30:31,10,59,10534,10534
92,2016-11-24,20:05:21,13,49,10535,10535
80,2020-06-22,15:10:52,46,39,10536,10536
22,2018-02-12,09:35:47,25,19,10537,10537
81,2019-09-30,03:26:47,31,24,10538,10538
16,2021-05-05,17:56:43,45,61,10539,10539
51,2020-05-04,00:29:47,57,24,10540,10540
79,2017-09-09,10:50:58,33,45,10541,10541
74,2018-04-12,12:15:25,17,92,10542,10542
27,2018-11-21,06:48:28,41,83,10543,10543
6,2019-02-12,16:52:05,33,33,10544,10544
92,2017-05-31,02:11:12,36,32,10545,10545
29,2020-07-03,09:09:27,15,23,10546,10546
13,2018-04-16,09:05:40,29,63,10547,10547
7,2020-05-17,03:32:09,17,34,10548,10548
9,2018-10-25,05:26:45,41,17,10549,10549
57,2019-06-19,06:31:55,59,36,10550,10550
99,2020-01-20,07:43:10,57,60,10551,10551
6,2018-08-16,12:35:05,48,21,10552,10552
20,2019-11-30,21:39:59,14,90,10553,10553
56,2018-04-24,22:58:34,47,27,10554,10554
87,2020-10-11,17:07:45,54,34,10555,10555
54,2018-06-25,09:58:09,25,100,10556,10556
57,2019-06-29,22:50:15,54,94,10557,10557
79,2019-03-26,02:04:46,29,88,10558,10558
96,2020-09-11,01:02:09,53,16,10559,10559
79,2017-09-21,14:45:04,23,27,10560,10560
94,2017-06-25,17:39:14,56,55,10561,10561
54,2018-01-15,12:04:16,33,24,10562,10562
56,2019-10-14,00:35:37,43,93,10563,10563
64,2017-04-16,04:54:21,27,89,10564,10564
33,2019-10-16,05:06:56,14,18,10565,10565
46,2016-08-06,03:45:34,12,40,10566,10566
73,2018-10-14,01:29:38,56,90,10567,10567
40,2018-08-04,09:16:20,59,77,10568,10568
96,2018-09-24,09:32:19,47,33,10569,10569
68,2018-02-26,01:02:34,47,14,10570,10570
42,2019-11-13,14:04:25,50,23,10571,10571
7,2020-12-03,09:53:31,52,89,10572,10572
35,2020-02-28,13:15:05,20,12,10573,10573
91,2016-09-18,15:21:43,58,94,10574,10574
28,2018-03-24,13:48:49,49,88,10575,10575
71,2016-08-28,15:19:43,51,46,10576,10576
93,2018-09-11,07:28:43,32,81,10577,10577
39,2018-01-02,08:30:47,33,23,10578,10578
97,2016-11-16,05:54:06,31,85,10579,10579
87,2019-02-01,09:40:02,30,28,10580,10580
76,2017-11-06,12:24:27,29,14,10581,10581
76,2019-11-02,04:16:37,32,39,10582,10582
47,2016-07-16,20:06:53,38,93,10583,10583
30,2017-02-22,19:23:40,42,62,10584,10584
22,2016-09-18,13:12:52,37,32,10585,10585
57,2017-02-02,05:15:58,15,26,10586,10586
93,2018-10-24,10:33:41,17,18,10587,10587
88,2019-04-15,22:56:47,38,59,10588,10588
84,2019-08-02,14:05:18,15,49,10589,10589
13,2019-06-28,04:47:19,21,60,10590,10590
23,2016-11-24,08:50:30,46,44,10591,10591
80,2021-01-05,02:33:59,26,77,10592,10592
18,2019-06-05,08:50:15,40,27,10593,10593
85,2017-01-20,12:04:46,29,59,10594,10594
71,2016-12-11,14:21:10,41,78,10595,10595
37,2018-10-07,21:35:28,30,58,10596,10596
95,2017-12-29,00:12:47,33,38,10597,10597
17,2020-06-02,20:03:42,50,53,10598,10598
47,2020-02-15,01:08:44,54,62,10599,10599
80,2018-07-28,00:09:41,32,19,10600,10600
58,2019-05-12,06:58:48,28,26,10601,10601
90,2020-06-11,08:00:59,11,13,10602,10602
88,2021-04-15,08:03:06,44,40,10603,10603
62,2018-08-29,15:12:47,39,10,10604,10604
23,2017-01-19,08:52:47,15,51,10605,10605
10,2019-02-02,07:05:37,16,31,10606,10606
73,2020-09-09,12:55:24,38,28,10607,10607
2,2016-08-22,04:41:36,13,18,10608,10608
70,2016-06-13,19:40:00,56,73,10609,10609
40,2017-12-16,22:57:47,35,20,10610,10610
51,2016-05-14,21:50:42,42,64,10611,10611
72,2019-11-22,19:50:45,22,83,10612,10612
8,2016-07-08,01:12:27,56,19,10613,10613
3,2019-07-25,10:41:49,48,66,10614,10614
10,2018-01-28,21:29:34,53,92,10615,10615
67,2017-04-11,09:50:56,14,28,10616,10616
76,2018-12-22,21:35:59,46,29,10617,10617
77,2018-06-08,07:34:43,35,31,10618,10618
15,2016-12-16,08:03:02,49,95,10619,10619
73,2021-04-22,10:23:19,38,96,10620,10620
7,2017-04-17,00:27:17,50,56,10621,10621
54,2019-12-22,19:01:47,54,63,10622,10622
91,2017-10-16,06:40:58,42,26,10623,10623
66,2019-09-28,09:04:50,27,45,10624,10624
78,2018-08-29,18:33:14,41,16,10625,10625
73,2018-07-27,04:37:04,51,82,10626,10626
41,2019-07-15,12:39:47,36,88,10627,10627
30,2021-05-07,17:23:51,59,61,10628,10628
49,2020-01-30,02:11:07,57,10,10629,10629
1,2020-08-10,10:54:24,13,24,10630,10630
19,2016-12-09,17:27:16,15,22,10631,10631
74,2019-08-03,16:05:49,29,71,10632,10632
49,2020-09-06,10:03:28,23,64,10633,10633
39,2021-04-14,10:36:06,30,69,10634,10634
93,2018-02-03,01:04:32,21,28,10635,10635
99,2018-12-26,06:44:58,35,25,10636,10636
14,2020-03-08,17:00:11,33,18,10637,10637
14,2016-06-30,22:29:03,13,45,10638,10638
62,2017-07-22,23:15:03,31,66,10639,10639
17,2016-05-15,18:28:54,42,94,10640,10640
62,2017-12-03,02:04:11,44,84,10641,10641
100,2017-02-04,20:48:10,11,12,10642,10642
14,2017-05-26,16:15:44,54,18,10643,10643
63,2018-10-13,15:16:11,13,39,10644,10644
84,2020-09-25,07:31:28,43,90,10645,10645
87,2018-11-23,06:44:34,27,58,10646,10646
67,2018-08-05,04:56:28,51,27,10647,10647
9,2017-06-15,02:54:27,20,26,10648,10648
29,2017-01-29,02:01:29,59,93,10649,10649
45,2019-05-04,07:36:24,25,16,10650,10650
78,2018-05-25,23:01:58,34,22,10651,10651
38,2020-04-30,00:58:49,42,68,10652,10652
17,2016-09-26,18:00:57,46,69,10653,10653
99,2016-10-20,15:41:36,57,47,10654,10654
59,2021-01-09,07:24:55,12,84,10655,10655
43,2017-07-05,16:55:45,55,22,10656,10656
1,2018-07-26,09:35:24,56,64,10657,10657
48,2017-05-14,13:26:50,22,57,10658,10658
45,2018-04-13,20:57:50,25,62,10659,10659
57,2017-09-10,18:27:45,36,44,10660,10660
36,2018-05-03,04:26:20,23,100,10661,10661
99,2017-07-19,22:30:46,52,31,10662,10662
51,2019-01-13,21:33:37,10,20,10663,10663
60,2018-07-11,09:41:53,40,14,10664,10664
79,2017-12-03,17:15:07,35,35,10665,10665
79,2017-08-02,03:50:11,37,62,10666,10666
70,2017-11-30,01:51:05,32,24,10667,10667
42,2021-04-19,21:22:47,16,95,10668,10668
20,2020-09-09,12:43:39,12,94,10669,10669
42,2017-11-14,05:02:47,44,92,10670,10670
14,2017-10-22,08:12:29,43,51,10671,10671
81,2020-08-16,11:33:26,53,47,10672,10672
75,2018-01-20,13:37:57,38,87,10673,10673
72,2017-12-17,06:52:49,35,80,10674,10674
56,2016-09-06,22:04:53,14,100,10675,10675
15,2016-10-24,06:59:42,45,74,10676,10676
28,2017-04-03,12:06:46,57,54,10677,10677
66,2016-07-28,05:09:49,46,96,10678,10678
20,2021-01-31,16:42:52,14,63,10679,10679
12,2020-05-10,10:29:28,14,89,10680,10680
28,2020-04-23,02:37:41,16,57,10681,10681
51,2020-11-23,21:45:59,12,39,10682,10682
91,2019-10-15,15:26:29,47,32,10683,10683
42,2017-05-12,13:16:36,47,58,10684,10684
100,2017-01-28,15:50:01,59,89,10685,10685
1,2019-05-27,06:42:06,11,23,10686,10686
4,2016-07-03,20:52:34,16,73,10687,10687
22,2019-12-18,03:32:30,33,42,10688,10688
67,2020-10-17,23:07:40,46,55,10689,10689
96,2016-08-16,10:07:23,23,35,10690,10690
51,2020-02-03,23:42:23,35,26,10691,10691
69,2019-05-23,07:05:17,15,98,10692,10692
80,2019-06-14,13:31:18,51,63,10693,10693
52,2019-07-04,18:04:43,56,66,10694,10694
64,2018-10-19,16:22:12,34,100,10695,10695
64,2021-01-19,00:23:59,46,86,10696,10696
4,2016-07-04,03:19:06,59,58,10697,10697
32,2019-04-29,20:53:03,19,71,10698,10698
60,2017-03-24,17:51:26,34,86,10699,10699
24,2020-10-16,10:57:57,40,55,10700,10700
83,2016-05-19,00:46:56,23,85,10701,10701
79,2016-08-29,18:45:52,41,67,10702,10702
85,2021-03-31,14:30:17,53,69,10703,10703
9,2018-12-14,23:16:12,26,31,10704,10704
71,2019-05-03,10:35:27,10,13,10705,10705
80,2021-05-08,22:35:17,54,60,10706,10706
43,2018-11-06,14:25:41,44,80,10707,10707
67,2017-08-29,16:13:51,13,41,10708,10708
38,2018-02-08,10:15:35,11,35,10709,10709
32,2021-02-06,15:58:58,23,53,10710,10710
41,2017-01-06,18:22:49,28,76,10711,10711
18,2018-10-15,13:48:24,15,17,10712,10712
23,2017-08-31,23:33:07,16,60,10713,10713
67,2018-06-20,13:22:35,30,80,10714,10714
8,2019-02-23,07:02:29,41,66,10715,10715
48,2017-06-26,08:05:55,40,23,10716,10716
66,2019-11-13,21:49:00,18,31,10717,10717
63,2019-03-24,03:47:02,52,27,10718,10718
20,2020-01-25,19:04:19,32,18,10719,10719
32,2019-11-10,23:33:24,12,25,10720,10720
92,2019-12-29,01:19:30,47,67,10721,10721
96,2018-09-15,13:51:19,21,36,10722,10722
14,2020-01-01,15:26:30,32,20,10723,10723
34,2017-04-29,07:14:21,26,27,10724,10724
82,2019-06-01,06:21:38,10,61,10725,10725
38,2017-12-07,20:13:50,48,79,10726,10726
46,2019-08-15,15:33:22,46,66,10727,10727
60,2020-01-23,18:00:44,45,83,10728,10728
79,2020-07-21,02:17:24,35,65,10729,10729
55,2019-12-11,08:42:15,40,68,10730,10730
33,2016-05-19,11:06:19,47,70,10731,10731
74,2020-08-25,21:29:06,55,82,10732,10732
77,2017-09-04,16:28:16,26,25,10733,10733
56,2019-11-09,10:14:54,14,15,10734,10734
6,2019-01-19,02:55:55,59,82,10735,10735
89,2019-07-11,18:51:53,27,95,10736,10736
41,2019-10-20,04:45:57,55,18,10737,10737
13,2020-11-07,12:39:08,35,59,10738,10738
53,2021-03-27,11:18:05,29,62,10739,10739
89,2017-06-28,10:01:40,42,40,10740,10740
58,2017-12-29,10:25:34,59,90,10741,10741
63,2019-01-05,11:10:36,22,53,10742,10742
79,2020-03-06,11:19:01,41,80,10743,10743
62,2021-02-25,05:28:11,55,38,10744,10744
99,2018-09-01,02:06:09,36,62,10745,10745
72,2017-11-04,22:28:54,12,17,10746,10746
70,2021-02-27,16:07:46,30,94,10747,10747
100,2020-01-11,07:23:37,37,89,10748,10748
99,2016-10-23,21:59:01,26,78,10749,10749
43,2019-09-30,22:17:17,52,50,10750,10750
21,2020-01-22,19:37:03,41,45,10751,10751
61,2018-07-17,03:38:48,27,26,10752,10752
48,2018-09-24,13:42:29,33,35,10753,10753
65,2021-01-30,06:38:21,11,71,10754,10754
62,2017-03-29,21:14:11,47,60,10755,10755
80,2021-02-05,01:01:47,26,34,10756,10756
69,2018-02-06,17:34:23,13,62,10757,10757
44,2017-05-07,22:30:05,40,69,10758,10758
67,2017-12-20,18:40:26,28,45,10759,10759
21,2017-02-08,04:05:57,44,90,10760,10760
21,2017-07-04,02:15:56,46,62,10761,10761
84,2017-04-18,02:48:18,52,27,10762,10762
92,2018-09-20,11:27:02,22,88,10763,10763
21,2020-03-04,17:49:48,42,54,10764,10764
99,2018-03-10,12:35:33,11,35,10765,10765
3,2016-05-09,23:41:10,43,98,10766,10766
85,2017-09-06,20:56:18,54,91,10767,10767
57,2016-12-24,09:43:05,13,17,10768,10768
94,2020-11-24,13:48:00,17,79,10769,10769
51,2020-07-02,00:51:44,59,70,10770,10770
61,2017-10-05,14:29:58,11,75,10771,10771
96,2019-04-22,03:37:28,47,73,10772,10772
44,2016-06-28,22:41:38,46,96,10773,10773
81,2017-10-18,08:01:22,41,31,10774,10774
62,2018-10-03,16:43:48,56,68,10775,10775
34,2020-03-04,10:11:55,51,67,10776,10776
54,2018-09-18,12:44:48,50,90,10777,10777
53,2018-06-18,20:48:47,14,82,10778,10778
37,2018-07-04,18:00:47,40,62,10779,10779
86,2018-02-17,19:45:44,23,49,10780,10780
24,2017-05-31,13:01:30,34,73,10781,10781
78,2021-01-15,17:38:50,18,53,10782,10782
24,2019-01-10,03:55:08,38,91,10783,10783
57,2020-05-06,23:49:46,32,63,10784,10784
74,2019-05-15,00:13:21,37,87,10785,10785
73,2016-11-24,22:26:37,43,30,10786,10786
85,2016-11-02,10:00:38,42,27,10787,10787
86,2019-05-05,23:57:36,57,78,10788,10788
1,2020-08-22,04:10:22,43,72,10789,10789
17,2018-02-07,07:02:48,41,55,10790,10790
7,2019-04-08,04:58:15,27,13,10791,10791
65,2018-12-16,20:46:56,36,82,10792,10792
92,2020-12-21,23:42:09,17,87,10793,10793
8,2018-09-27,16:16:41,50,49,10794,10794
36,2019-12-26,13:30:56,53,86,10795,10795
95,2020-05-02,03:07:07,58,19,10796,10796
44,2019-12-26,03:02:03,54,44,10797,10797
14,2018-01-19,23:09:22,52,73,10798,10798
43,2016-11-22,14:56:14,42,26,10799,10799
21,2018-11-15,00:45:09,54,13,10800,10800
42,2018-05-14,12:39:58,17,40,10801,10801
37,2019-05-28,07:07:39,20,68,10802,10802
26,2016-11-04,06:39:53,34,69,10803,10803
77,2020-05-28,15:14:13,46,32,10804,10804
14,2016-10-31,19:51:27,22,36,10805,10805
100,2017-09-07,17:00:49,12,80,10806,10806
22,2020-05-27,02:29:30,56,14,10807,10807
55,2017-08-11,09:33:15,32,50,10808,10808
69,2016-09-22,12:00:09,21,44,10809,10809
36,2018-11-24,04:02:27,25,80,10810,10810
82,2019-01-09,02:43:36,39,69,10811,10811
60,2016-10-14,08:08:02,59,83,10812,10812
91,2018-11-21,03:45:35,29,93,10813,10813
92,2018-04-09,16:09:10,34,36,10814,10814
81,2019-03-04,02:30:15,40,42,10815,10815
11,2017-11-10,18:49:49,15,48,10816,10816
57,2016-10-19,01:37:18,59,45,10817,10817
93,2019-07-17,17:59:30,58,25,10818,10818
2,2019-04-13,18:39:02,19,59,10819,10819
7,2019-08-12,08:01:10,24,93,10820,10820
29,2019-01-15,14:55:41,14,93,10821,10821
90,2020-12-14,11:28:29,49,14,10822,10822
85,2020-07-25,15:20:21,26,86,10823,10823
59,2018-06-23,23:17:45,24,60,10824,10824
8,2017-10-15,10:51:52,12,67,10825,10825
34,2020-02-23,12:36:38,60,98,10826,10826
34,2017-12-23,07:09:16,54,90,10827,10827
59,2020-02-22,07:33:38,44,65,10828,10828
43,2021-03-11,15:16:21,33,31,10829,10829
77,2020-10-28,04:59:54,56,52,10830,10830
34,2018-04-02,17:23:19,46,37,10831,10831
51,2020-11-27,11:18:22,20,25,10832,10832
23,2021-02-17,01:08:27,13,73,10833,10833
11,2021-05-07,17:35:02,10,70,10834,10834
8,2020-12-31,18:51:06,57,19,10835,10835
51,2017-06-17,05:13:14,38,87,10836,10836
1,2017-05-18,19:57:51,48,19,10837,10837
88,2016-07-25,15:28:12,20,22,10838,10838
37,2018-01-26,22:29:59,36,76,10839,10839
80,2017-11-10,14:29:12,34,62,10840,10840
41,2017-03-30,21:19:33,42,85,10841,10841
74,2017-12-09,08:38:23,13,10,10842,10842
48,2021-03-03,06:05:09,57,11,10843,10843
98,2018-12-18,00:01:18,35,60,10844,10844
91,2017-04-15,11:24:11,19,40,10845,10845
67,2021-04-05,01:06:55,44,51,10846,10846
84,2018-05-07,13:08:25,39,83,10847,10847
50,2018-11-06,09:43:19,12,32,10848,10848
17,2020-02-15,20:47:25,18,35,10849,10849
51,2019-06-09,23:10:25,56,70,10850,10850
34,2018-05-23,16:53:13,53,57,10851,10851
22,2018-03-18,13:28:38,15,25,10852,10852
99,2020-05-13,18:53:00,21,14,10853,10853
62,2017-08-19,15:33:48,54,29,10854,10854
84,2017-09-01,00:19:14,45,90,10855,10855
100,2020-09-22,15:47:25,31,44,10856,10856
15,2017-10-12,14:09:12,20,52,10857,10857
58,2018-06-25,16:08:56,20,53,10858,10858
93,2019-07-28,20:03:45,15,63,10859,10859
76,2016-07-27,18:01:38,42,37,10860,10860
98,2019-02-19,20:34:36,36,98,10861,10861
24,2020-04-10,17:01:06,44,81,10862,10862
68,2019-06-28,09:46:43,26,82,10863,10863
7,2021-02-14,13:35:40,24,94,10864,10864
52,2018-01-22,21:53:26,13,61,10865,10865
60,2019-07-24,10:18:53,10,63,10866,10866
30,2019-12-29,06:54:34,24,22,10867,10867
31,2021-04-15,15:20:28,42,12,10868,10868
52,2020-12-23,18:23:10,21,35,10869,10869
66,2020-06-22,17:40:43,34,60,10870,10870
91,2020-04-11,13:26:26,30,87,10871,10871
4,2018-11-30,12:41:29,10,60,10872,10872
44,2019-11-30,05:27:10,10,14,10873,10873
16,2016-09-20,15:02:06,55,61,10874,10874
52,2018-06-20,23:32:31,46,44,10875,10875
12,2017-02-16,11:58:40,20,99,10876,10876
73,2021-05-01,03:10:52,14,24,10877,10877
42,2020-02-15,12:07:06,25,63,10878,10878
13,2020-03-01,03:47:04,30,34,10879,10879
25,2020-11-26,02:55:58,15,91,10880,10880
55,2017-05-06,18:12:44,19,19,10881,10881
95,2019-05-05,15:12:12,54,42,10882,10882
79,2017-11-22,09:00:47,34,34,10883,10883
8,2019-01-08,20:03:52,58,51,10884,10884
90,2021-02-03,06:48:59,54,46,10885,10885
44,2017-02-15,01:03:35,52,33,10886,10886
96,2017-11-25,02:44:21,36,73,10887,10887
73,2018-07-13,06:01:58,33,83,10888,10888
35,2021-02-13,05:14:43,44,15,10889,10889
61,2017-11-09,08:06:08,27,70,10890,10890
65,2020-08-22,16:26:57,26,46,10891,10891
64,2019-10-21,07:50:49,49,85,10892,10892
3,2018-07-26,14:43:15,27,90,10893,10893
50,2017-03-18,13:46:09,53,53,10894,10894
5,2021-01-07,04:02:39,53,99,10895,10895
27,2016-10-29,09:21:46,16,12,10896,10896
89,2019-05-18,12:09:54,59,64,10897,10897
72,2018-11-18,03:38:34,44,41,10898,10898
49,2020-05-01,01:32:12,31,59,10899,10899
70,2018-07-15,11:09:39,55,73,10900,10900
16,2017-05-03,16:29:18,55,86,10901,10901
8,2019-12-23,18:37:29,12,80,10902,10902
34,2020-03-15,08:14:42,24,11,10903,10903
34,2017-03-07,15:25:01,42,84,10904,10904
21,2019-07-10,20:53:09,43,43,10905,10905
4,2016-08-02,12:07:15,35,38,10906,10906
69,2018-01-24,20:23:20,31,13,10907,10907
23,2018-09-09,06:07:21,25,51,10908,10908
55,2018-08-31,08:07:30,15,58,10909,10909
90,2019-04-02,19:13:42,35,43,10910,10910
12,2019-06-09,02:54:04,13,10,10911,10911
67,2016-11-13,14:42:25,44,58,10912,10912
70,2017-02-18,04:48:08,41,51,10913,10913
97,2018-07-17,10:09:12,57,73,10914,10914
24,2020-04-22,04:08:57,27,24,10915,10915
61,2017-06-25,20:05:09,24,30,10916,10916
46,2019-02-17,12:21:37,28,71,10917,10917
15,2017-04-26,21:27:39,58,76,10918,10918
50,2021-03-17,17:47:44,12,63,10919,10919
5,2019-07-05,14:59:22,48,30,10920,10920
78,2017-05-05,11:09:23,58,30,10921,10921
42,2017-03-07,16:00:46,50,31,10922,10922
66,2018-05-14,21:40:46,50,74,10923,10923
40,2016-12-21,15:47:25,42,60,10924,10924
21,2020-03-03,05:49:47,17,84,10925,10925
69,2019-07-24,20:42:54,58,38,10926,10926
19,2016-05-28,16:05:52,36,36,10927,10927
76,2017-04-20,23:56:41,21,68,10928,10928
86,2017-01-18,14:11:57,43,53,10929,10929
41,2019-08-10,10:56:35,16,98,10930,10930
19,2017-02-21,01:52:40,14,83,10931,10931
66,2018-08-14,12:17:52,18,41,10932,10932
79,2016-11-21,14:20:08,41,47,10933,10933
91,2016-08-19,09:38:43,17,96,10934,10934
93,2019-05-07,20:12:22,54,13,10935,10935
47,2019-06-01,20:11:40,39,33,10936,10936
69,2021-05-05,09:30:44,49,13,10937,10937
68,2018-12-14,17:02:34,57,21,10938,10938
18,2017-02-27,22:19:39,10,96,10939,10939
35,2018-02-26,01:43:30,31,51,10940,10940
2,2016-08-15,17:43:13,55,17,10941,10941
98,2021-05-04,13:28:32,20,68,10942,10942
24,2017-02-18,06:12:31,15,72,10943,10943
94,2016-12-03,20:26:57,46,51,10944,10944
49,2020-05-28,22:37:55,10,62,10945,10945
32,2021-01-31,16:47:37,36,61,10946,10946
55,2017-07-11,03:03:13,55,74,10947,10947
26,2018-01-08,03:39:18,30,95,10948,10948
22,2020-03-30,21:20:13,35,99,10949,10949
80,2020-08-31,20:10:19,15,12,10950,10950
90,2019-09-21,14:18:07,40,41,10951,10951
24,2020-08-29,05:37:13,33,21,10952,10952
97,2018-08-10,02:49:27,18,14,10953,10953
50,2017-03-10,12:18:57,23,81,10954,10954
1,2020-01-03,13:51:17,56,59,10955,10955
85,2020-06-24,04:31:53,34,40,10956,10956
68,2016-05-26,16:50:17,36,86,10957,10957
14,2021-01-09,06:11:54,36,62,10958,10958
85,2016-09-17,14:30:16,56,50,10959,10959
99,2021-01-03,00:08:53,52,50,10960,10960
29,2021-04-10,20:16:53,59,12,10961,10961
45,2019-10-16,12:38:47,60,36,10962,10962
63,2021-03-02,03:48:45,50,73,10963,10963
87,2016-07-11,08:47:04,59,82,10964,10964
85,2019-03-19,11:10:26,31,65,10965,10965
24,2018-03-25,10:23:01,31,97,10966,10966
78,2017-06-16,06:34:03,31,86,10967,10967
46,2019-07-11,14:36:21,14,49,10968,10968
52,2020-08-03,03:26:43,21,84,10969,10969
58,2016-12-31,06:27:11,21,43,10970,10970
30,2017-06-12,16:41:02,59,26,10971,10971
28,2017-12-27,08:55:13,55,81,10972,10972
41,2018-07-02,05:07:10,59,80,10973,10973
84,2017-04-07,07:51:04,38,64,10974,10974
12,2018-03-24,08:29:47,33,71,10975,10975
90,2019-09-06,19:36:57,54,29,10976,10976
42,2018-08-10,03:40:14,27,99,10977,10977
50,2020-07-17,11:25:38,33,70,10978,10978
80,2016-11-23,04:27:45,51,79,10979,10979
93,2017-06-21,08:25:45,40,100,10980,10980
77,2020-03-20,00:06:03,50,60,10981,10981
44,2017-02-10,23:10:56,52,24,10982,10982
81,2019-07-04,10:48:27,56,30,10983,10983
66,2018-03-20,05:22:36,24,25,10984,10984
49,2019-08-02,17:16:59,55,65,10985,10985
37,2017-12-10,03:58:48,10,54,10986,10986
94,2016-06-02,11:04:21,12,35,10987,10987
33,2019-01-16,18:13:18,59,64,10988,10988
24,2019-12-06,08:48:48,50,95,10989,10989
42,2018-06-26,15:59:49,51,61,10990,10990
29,2017-04-03,20:29:03,58,73,10991,10991
76,2021-04-29,23:41:38,29,84,10992,10992
77,2019-05-05,17:37:34,17,72,10993,10993
41,2019-01-26,00:06:10,52,95,10994,10994
12,2020-10-01,22:46:17,12,88,10995,10995
84,2019-12-31,19:00:06,13,33,10996,10996
33,2018-12-24,17:16:48,24,13,10997,10997
55,2018-11-18,14:54:47,11,72,10998,10998
35,2018-04-19,05:56:08,59,56,10999,10999
2,2016-08-02,16:13:10,29,85,11000,11000
