Runway,Slot_date,Slot_time,Possible_delay,Delay,FlightID
84,2019-12-28,15:35:35,20,96,1
68,2017-03-02,09:23:05,37,76,2
63,2017-10-24,01:37:42,16,29,3
97,2019-08-24,02:15:25,44,90,4
70,2020-04-16,20:16:59,46,78,5
11,2017-12-05,23:20:13,51,11,6
64,2017-04-08,12:17:22,11,10,7
11,2018-01-24,14:44:41,29,21,8
90,2018-05-31,08:25:54,41,95,9
94,2020-03-15,20:02:59,45,82,10
21,2018-05-01,11:26:01,45,43,11
42,2016-11-06,09:17:05,50,80,12
44,2021-04-10,18:50:26,56,44,13
67,2020-11-10,11:10:56,36,95,14
72,2019-01-08,09:48:35,41,66,15
64,2017-06-20,02:55:30,59,40,16
60,2019-09-02,09:43:42,57,54,17
89,2016-06-30,13:55:08,52,17,18
4,2017-07-12,14:55:00,25,44,19
46,2018-09-08,03:37:25,30,64,20
85,2017-02-15,20:30:10,12,84,21
11,2017-08-30,05:34:56,15,25,22
48,2016-10-21,07:13:01,48,23,23
2,2018-05-14,19:52:27,32,24,24
54,2017-08-08,09:02:50,19,13,25
93,2017-10-17,10:50:22,18,38,26
7,2019-03-30,14:50:34,34,84,27
51,2021-03-28,22:48:51,40,54,28
87,2020-01-27,04:28:19,47,16,29
58,2017-04-11,04:03:26,23,76,30
90,2020-05-21,06:09:43,41,51,31
21,2019-04-20,15:19:40,26,78,32
91,2019-04-02,00:55:00,10,79,33
68,2019-06-04,11:18:42,46,73,34
79,2017-08-30,10:37:59,55,72,35
2,2020-09-05,18:07:36,37,95,36
37,2018-10-27,00:56:06,47,89,37
28,2017-06-04,20:42:44,41,41,38
82,2018-06-28,19:26:44,24,65,39
18,2017-06-07,20:31:15,44,16,40
84,2020-09-15,18:31:48,36,67,41
85,2019-12-10,14:28:08,48,36,42
92,2016-10-09,03:33:33,34,82,43
37,2019-03-24,12:39:38,53,56,44
44,2016-12-09,23:53:21,41,16,45
45,2019-07-18,04:50:08,56,46,46
3,2019-08-28,13:36:28,28,61,47
16,2018-06-28,13:48:01,57,100,48
4,2016-06-08,17:52:45,45,86,49
92,2017-12-15,03:41:11,12,79,50
98,2018-02-09,22:07:43,45,27,51
46,2021-01-13,22:59:57,50,30,52
78,2016-07-10,06:09:43,32,51,53
56,2020-03-30,01:22:25,58,14,54
25,2018-11-21,10:30:13,47,95,55
11,2017-05-12,20:09:06,30,89,56
100,2017-05-08,18:32:18,52,86,57
77,2018-05-09,19:58:02,40,33,58
58,2020-04-19,01:03:00,28,57,59
20,2016-05-08,00:03:07,25,49,60
36,2021-02-06,01:16:35,27,59,61
8,2020-12-05,04:21:53,21,70,62
57,2019-10-10,07:02:46,58,34,63
37,2018-03-22,00:55:03,14,83,64
79,2017-11-30,14:05:17,26,56,65
10,2017-01-26,02:57:03,24,84,66
77,2020-01-30,18:22:56,11,93,67
9,2017-05-11,12:44:56,27,57,68
54,2017-06-20,13:03:35,17,65,69
75,2020-10-19,14:50:13,27,34,70
41,2019-01-22,12:51:49,31,59,71
34,2018-06-06,21:38:02,19,57,72
29,2017-12-25,06:33:57,25,71,73
64,2019-04-04,12:15:48,34,89,74
99,2018-11-11,14:27:04,59,83,75
47,2018-03-07,18:45:01,28,73,76
100,2020-08-22,15:05:15,19,49,77
32,2019-07-23,17:50:44,31,40,78
46,2019-09-24,00:37:40,33,93,79
74,2019-04-11,21:04:04,43,75,80
99,2020-10-02,21:43:11,26,84,81
50,2019-10-29,03:48:16,57,73,82
71,2017-09-01,14:31:59,25,12,83
6,2018-11-05,17:05:05,57,89,84
89,2017-06-26,05:45:00,13,27,85
3,2020-12-17,02:49:52,30,68,86
31,2018-10-01,23:26:50,41,37,87
12,2019-08-18,11:28:27,47,22,88
4,2018-01-27,08:28:02,18,94,89
58,2021-04-23,14:22:13,13,38,90
15,2020-06-19,06:12:36,49,47,91
58,2019-08-08,01:57:47,20,20,92
48,2018-05-15,14:12:55,13,14,93
25,2020-01-25,12:04:46,12,44,94
52,2018-11-04,20:03:13,21,61,95
90,2019-06-07,12:05:57,21,35,96
82,2019-03-03,00:51:13,34,92,97
47,2018-07-16,06:18:36,35,43,98
26,2021-01-24,03:58:46,55,38,99
71,2017-08-17,19:36:24,24,18,100
42,2021-03-31,15:29:48,34,93,101
76,2019-07-31,15:31:28,18,91,102
27,2016-09-30,14:08:25,53,21,103
50,2017-12-21,19:36:31,18,74,104
34,2016-10-22,22:12:30,42,71,105
63,2018-05-22,02:56:29,24,82,106
95,2017-12-03,00:04:14,10,46,107
25,2017-11-20,19:04:48,42,27,108
66,2016-08-05,02:44:53,47,86,109
83,2019-09-16,08:57:22,43,11,110
77,2021-02-19,16:00:37,20,29,111
55,2020-11-28,06:22:54,26,22,112
56,2017-05-09,09:03:36,15,39,113
8,2021-03-26,12:04:36,26,72,114
65,2017-06-29,06:22:15,45,29,115
38,2016-09-10,00:50:23,25,100,116
44,2019-04-21,16:07:00,32,60,117
32,2016-10-11,19:14:59,58,95,118
68,2020-03-14,06:14:56,20,43,119
17,2016-07-13,12:29:38,30,61,120
64,2016-08-21,00:52:19,44,10,121
17,2016-05-30,00:56:48,29,13,122
74,2019-07-02,05:11:00,37,48,123
12,2020-07-06,19:07:06,21,75,124
62,2018-07-19,01:46:26,56,99,125
42,2017-12-11,20:07:12,30,65,126
40,2021-04-12,06:56:07,60,23,127
19,2019-04-21,18:13:24,47,44,128
63,2019-10-11,04:11:32,32,81,129
41,2018-10-22,16:44:43,17,57,130
10,2017-02-26,05:40:44,32,53,131
79,2017-07-04,20:36:42,43,99,132
96,2019-05-11,23:51:21,24,65,133
75,2018-11-29,19:02:19,19,37,134
93,2020-11-19,23:28:13,53,24,135
73,2016-06-27,03:22:15,38,80,136
48,2020-10-21,19:13:18,28,25,137
87,2020-06-27,12:26:26,33,32,138
28,2019-02-12,23:11:11,18,63,139
71,2017-09-04,19:07:31,21,52,140
89,2018-06-06,10:10:17,35,12,141
70,2018-01-04,08:27:41,55,92,142
93,2017-04-04,09:09:12,56,64,143
78,2017-09-13,14:07:40,32,59,144
66,2017-10-07,18:28:32,57,86,145
16,2020-04-23,14:01:05,29,63,146
74,2019-11-16,23:34:26,51,41,147
21,2019-02-05,18:41:15,53,53,148
35,2019-01-29,02:27:54,27,15,149
32,2017-08-16,07:04:50,56,63,150
89,2017-07-25,07:01:10,20,80,151
24,2018-12-20,19:40:08,20,39,152
87,2020-03-02,20:41:38,43,93,153
46,2018-12-02,17:00:46,34,53,154
26,2019-03-12,03:32:52,28,100,155
6,2019-10-11,14:02:10,29,49,156
86,2016-09-14,05:41:38,36,53,157
3,2017-02-03,08:45:35,26,59,158
10,2020-06-15,10:59:23,55,43,159
8,2019-04-04,06:53:23,58,31,160
76,2018-01-13,10:16:04,55,18,161
65,2019-05-23,23:16:57,33,21,162
4,2018-01-07,22:58:31,51,97,163
50,2016-04-29,10:00:41,43,51,164
14,2017-05-30,00:21:22,36,51,165
37,2016-10-12,22:26:35,57,64,166
100,2019-07-14,17:57:08,53,90,167
85,2017-08-17,13:43:05,50,75,168
31,2016-07-03,18:09:19,48,87,169
30,2019-03-25,13:23:44,29,16,170
53,2019-03-22,22:03:08,25,55,171
48,2018-01-06,23:08:18,53,12,172
82,2016-09-10,10:31:59,16,91,173
1,2017-02-17,15:33:51,24,58,174
55,2017-01-03,14:53:29,52,59,175
44,2021-01-03,19:43:35,49,74,176
91,2020-02-27,13:47:22,23,87,177
78,2021-03-01,06:35:31,59,87,178
85,2018-09-07,19:32:33,56,81,179
87,2018-01-08,00:54:34,53,97,180
62,2019-01-14,22:47:07,17,49,181
82,2016-07-05,12:16:02,19,44,182
27,2019-06-26,06:41:57,20,24,183
88,2019-04-18,05:55:26,42,73,184
57,2019-12-31,11:05:32,47,62,185
58,2017-02-10,04:54:10,41,24,186
20,2021-03-28,09:18:20,29,15,187
2,2019-11-03,04:36:39,59,100,188
79,2019-09-12,09:31:40,13,91,189
80,2021-03-28,00:33:56,15,24,190
38,2019-06-20,23:10:18,42,52,191
15,2018-10-13,23:23:30,40,24,192
90,2018-07-21,01:59:04,55,67,193
79,2017-11-14,02:56:38,15,71,194
35,2017-05-29,02:27:13,24,23,195
91,2020-03-24,15:27:17,17,66,196
87,2019-10-24,07:44:53,48,91,197
61,2019-02-24,00:24:17,21,14,198
54,2017-06-06,06:29:54,27,94,199
23,2018-03-05,02:37:40,55,80,200
54,2018-03-31,05:03:51,13,67,201
88,2018-10-24,21:48:35,20,21,202
7,2017-07-31,08:41:34,56,24,203
20,2018-07-22,04:40:02,40,53,204
56,2021-02-24,22:46:27,16,40,205
49,2017-09-27,04:41:55,41,88,206
92,2021-02-10,21:50:07,50,83,207
23,2020-08-24,23:13:56,53,39,208
95,2019-06-01,17:25:30,37,75,209
76,2020-09-01,09:31:32,22,11,210
49,2019-01-17,02:27:50,18,99,211
97,2020-11-09,17:01:12,40,40,212
39,2018-04-14,00:50:33,58,58,213
82,2019-03-16,15:42:08,22,96,214
58,2016-12-24,03:39:39,34,66,215
24,2019-12-02,03:11:49,48,49,216
41,2021-04-19,07:25:07,24,31,217
49,2018-12-14,15:43:54,17,17,218
64,2021-01-13,14:38:44,34,61,219
36,2020-04-23,07:43:51,10,45,220
49,2020-08-26,01:58:37,60,30,221
49,2017-01-31,16:59:16,38,77,222
79,2019-12-12,16:13:40,58,21,223
28,2016-06-21,05:19:41,17,63,224
92,2019-06-27,00:57:29,48,21,225
66,2020-02-12,19:49:18,47,77,226
28,2017-06-02,21:50:29,15,83,227
31,2020-07-27,08:08:04,38,25,228
98,2016-05-19,16:03:16,23,78,229
66,2019-12-03,15:09:11,56,33,230
66,2018-05-04,16:24:29,32,38,231
58,2018-09-15,01:27:22,11,75,232
87,2018-11-12,23:49:51,50,84,233
28,2016-10-29,12:06:28,18,75,234
1,2018-06-12,21:45:24,13,32,235
29,2020-12-17,11:23:37,10,59,236
26,2018-08-27,13:58:10,31,80,237
99,2018-05-22,03:45:38,28,98,238
70,2021-04-12,03:49:24,41,47,239
92,2018-10-14,16:49:02,59,53,240
8,2020-05-14,22:01:39,13,48,241
31,2020-10-10,07:25:27,46,13,242
24,2019-05-16,10:19:22,40,11,243
40,2017-07-02,05:57:29,26,66,244
35,2018-03-02,09:33:10,55,15,245
12,2016-09-15,07:31:29,18,98,246
88,2019-10-28,18:58:08,18,66,247
38,2017-10-19,22:00:05,38,21,248
3,2018-09-29,13:11:01,19,100,249
33,2018-04-23,18:43:10,49,23,250
72,2017-06-09,01:46:46,43,42,251
8,2018-10-15,21:59:51,52,47,252
91,2019-12-18,07:22:04,34,32,253
1,2020-01-27,16:57:03,50,40,254
26,2018-10-08,17:08:35,35,52,255
44,2021-01-13,13:13:52,26,98,256
7,2019-12-11,00:41:29,43,52,257
31,2018-06-21,15:47:08,44,81,258
70,2020-05-14,08:01:14,47,85,259
78,2016-10-08,07:16:28,36,82,260
14,2016-08-27,21:12:59,38,78,261
32,2019-06-21,15:41:41,55,65,262
22,2017-03-23,23:13:43,31,66,263
56,2019-04-02,15:52:17,44,46,264
73,2017-04-01,11:47:20,25,66,265
68,2018-05-24,03:03:49,28,72,266
76,2019-03-23,08:10:44,46,96,267
98,2016-08-18,00:02:05,43,34,268
91,2018-08-18,17:22:34,40,29,269
100,2017-08-14,12:04:13,58,85,270
77,2020-05-08,20:19:34,50,70,271
2,2020-06-09,15:55:00,57,78,272
3,2016-05-12,01:24:34,54,35,273
77,2020-03-31,13:39:37,23,35,274
78,2019-11-04,15:37:53,49,76,275
99,2017-02-01,02:20:02,31,98,276
22,2020-04-13,03:54:05,44,38,277
51,2020-10-20,12:09:47,17,24,278
16,2019-11-28,01:26:23,34,65,279
83,2019-06-23,16:20:15,43,33,280
91,2018-09-03,00:33:25,42,62,281
99,2020-01-10,19:47:12,19,80,282
56,2019-11-26,10:55:21,43,10,283
25,2018-10-24,11:55:14,56,81,284
11,2016-10-07,11:44:57,54,10,285
26,2018-06-18,01:32:16,19,73,286
50,2019-06-25,19:48:24,37,44,287
98,2018-06-14,14:57:35,52,93,288
31,2016-10-29,18:05:25,52,97,289
69,2018-04-11,05:19:52,50,16,290
30,2017-01-18,17:47:12,41,42,291
63,2016-11-19,01:13:31,39,43,292
92,2018-02-07,19:59:41,56,64,293
11,2018-07-15,00:16:53,58,21,294
32,2019-03-20,04:56:33,26,40,295
85,2017-07-29,16:06:13,14,38,296
98,2016-05-26,02:48:03,25,24,297
58,2018-02-11,06:48:52,46,51,298
41,2017-11-14,02:25:16,42,40,299
19,2016-04-30,11:07:32,45,62,300
89,2018-05-12,20:27:31,44,12,301
26,2019-05-31,16:26:24,60,71,302
43,2020-05-10,11:17:01,42,29,303
100,2019-08-20,22:57:03,26,25,304
27,2017-12-19,17:45:24,50,16,305
5,2016-06-25,23:41:13,27,54,306
17,2020-08-14,14:33:25,47,50,307
25,2016-09-25,22:25:01,21,76,308
95,2018-04-16,04:42:19,60,25,309
18,2018-10-20,01:41:23,43,22,310
33,2017-03-12,21:31:58,26,81,311
81,2017-02-24,09:21:33,35,57,312
42,2016-06-14,12:16:01,25,21,313
62,2017-05-27,17:56:13,17,51,314
91,2016-04-30,17:39:09,36,29,315
19,2016-10-06,08:36:56,13,14,316
62,2019-01-12,20:34:49,10,81,317
23,2019-11-15,16:37:22,43,12,318
31,2017-12-14,06:41:07,60,25,319
33,2019-12-09,15:51:42,35,73,320
100,2016-08-06,05:24:16,35,53,321
37,2017-07-03,07:49:01,18,86,322
50,2016-04-27,12:36:10,19,18,323
3,2019-12-09,04:32:19,18,64,324
35,2016-12-04,05:07:24,14,94,325
90,2020-06-13,10:51:54,13,26,326
25,2016-11-08,17:18:40,42,95,327
13,2020-08-14,23:57:49,16,32,328
13,2016-08-24,15:10:31,14,70,329
65,2018-09-02,16:41:59,19,63,330
90,2020-02-10,07:31:22,13,98,331
50,2018-09-17,06:22:52,29,12,332
52,2018-04-08,21:09:56,55,51,333
51,2019-09-28,11:29:10,57,74,334
31,2019-03-17,01:57:49,39,11,335
5,2018-03-08,09:14:16,49,80,336
48,2021-04-08,06:18:26,56,81,337
38,2020-06-09,07:26:14,24,74,338
77,2020-06-19,00:45:30,46,43,339
61,2018-03-05,02:36:46,38,19,340
29,2020-11-01,11:03:55,51,45,341
83,2021-03-26,14:54:54,25,54,342
100,2017-09-06,01:53:31,25,36,343
14,2017-02-28,03:54:49,38,41,344
83,2017-03-12,20:17:31,28,11,345
55,2018-11-26,15:07:20,56,74,346
55,2019-01-28,16:45:26,26,22,347
23,2018-07-08,23:41:37,23,40,348
18,2020-02-07,14:32:18,46,15,349
12,2018-08-26,21:48:06,40,84,350
10,2019-04-21,03:02:38,59,62,351
64,2020-01-25,08:39:41,47,81,352
84,2020-02-19,06:48:27,40,32,353
84,2018-04-10,18:44:21,14,11,354
34,2019-05-02,15:47:55,48,40,355
10,2020-01-19,16:57:49,20,98,356
51,2016-09-20,17:54:26,10,50,357
82,2016-10-17,04:38:06,13,50,358
25,2020-11-22,07:43:24,14,48,359
46,2018-11-10,13:54:03,31,13,360
22,2018-05-27,02:46:21,40,72,361
53,2020-01-26,20:52:16,27,14,362
76,2018-09-10,19:22:25,22,40,363
41,2021-03-04,13:43:18,26,45,364
96,2016-10-17,03:22:13,60,72,365
2,2017-10-11,13:13:37,40,22,366
56,2020-03-19,00:29:22,43,65,367
14,2016-07-06,03:36:03,55,68,368
97,2018-01-07,05:15:03,27,53,369
5,2021-03-11,09:52:36,35,85,370
7,2018-06-23,05:47:42,43,93,371
81,2020-03-23,06:43:48,17,83,372
30,2018-03-02,02:11:36,15,84,373
93,2018-10-02,00:06:20,51,13,374
39,2020-09-25,13:21:44,45,96,375
46,2020-04-18,15:54:50,11,86,376
58,2020-01-20,06:58:28,24,67,377
87,2021-01-29,02:56:26,56,35,378
22,2016-08-17,07:28:30,52,35,379
2,2020-11-01,21:18:34,11,69,380
31,2020-01-09,15:08:06,29,25,381
37,2016-07-28,22:42:28,21,11,382
85,2018-08-31,17:53:14,49,58,383
51,2017-06-21,01:20:51,53,53,384
62,2018-06-13,21:28:48,33,71,385
26,2019-04-27,21:17:47,41,17,386
54,2017-03-25,05:30:09,21,59,387
35,2018-06-05,05:24:52,47,58,388
86,2016-05-10,00:57:09,10,10,389
33,2017-07-28,02:07:01,48,74,390
100,2016-07-24,23:49:28,56,35,391
58,2019-12-04,04:22:10,18,80,392
59,2017-04-20,02:43:58,44,16,393
23,2016-07-19,10:55:06,23,25,394
52,2018-06-24,20:08:07,44,26,395
43,2020-03-02,21:10:15,25,60,396
50,2017-04-03,13:30:05,23,64,397
34,2021-04-09,22:19:58,22,82,398
3,2017-05-30,14:44:22,37,86,399
78,2017-09-16,02:09:45,37,43,400
72,2017-10-15,09:18:27,59,92,401
85,2016-08-25,06:16:01,33,95,402
12,2020-04-26,06:41:42,17,57,403
83,2021-03-13,04:31:27,53,78,404
62,2020-09-24,05:04:34,11,28,405
33,2016-10-06,04:59:15,59,73,406
47,2017-10-18,15:03:38,14,64,407
92,2017-04-08,06:22:26,51,70,408
91,2020-06-03,19:24:14,20,49,409
23,2018-05-27,16:32:37,57,42,410
12,2020-03-30,09:39:45,11,77,411
46,2016-08-15,10:42:09,14,92,412
55,2021-03-08,14:01:04,48,45,413
96,2018-09-03,08:06:22,56,26,414
87,2019-04-02,14:33:18,49,20,415
10,2019-11-28,16:36:40,39,68,416
23,2019-02-24,16:55:11,22,96,417
26,2020-09-14,11:39:54,60,28,418
42,2019-12-08,09:25:27,36,16,419
57,2019-12-28,16:25:04,13,12,420
14,2018-07-31,10:17:31,27,29,421
78,2020-02-12,06:01:47,48,33,422
12,2020-09-27,19:08:54,54,23,423
56,2016-11-19,22:07:55,60,95,424
15,2020-01-31,15:35:43,18,39,425
14,2016-10-18,06:16:48,24,85,426
75,2019-07-09,18:29:05,39,18,427
71,2020-08-01,18:51:47,41,43,428
11,2018-03-16,13:27:16,24,33,429
40,2020-01-20,07:35:03,57,79,430
78,2016-07-16,21:23:51,12,37,431
92,2018-11-27,06:28:45,48,84,432
33,2019-12-13,13:33:38,53,31,433
86,2016-06-16,11:59:41,60,85,434
18,2020-12-26,14:25:28,44,65,435
60,2017-10-02,02:04:46,57,10,436
33,2016-09-09,05:18:23,38,52,437
90,2016-09-12,19:07:11,17,52,438
82,2018-02-03,02:52:16,48,10,439
76,2017-04-26,14:10:41,17,68,440
21,2019-12-07,07:11:21,56,22,441
34,2018-08-11,04:55:24,22,42,442
74,2016-07-03,09:42:52,59,31,443
15,2018-09-14,19:44:26,25,85,444
33,2018-07-11,07:47:51,44,19,445
23,2018-09-30,02:37:23,30,85,446
12,2018-08-16,23:51:18,36,86,447
63,2017-06-24,13:21:14,47,14,448
22,2020-12-06,11:51:36,23,22,449
9,2019-12-03,21:00:10,41,34,450
2,2018-02-02,09:37:21,20,10,451
20,2020-09-20,00:53:45,21,40,452
65,2016-10-29,17:39:17,35,57,453
35,2017-07-09,14:37:03,34,81,454
39,2016-10-26,10:48:54,10,54,455
19,2018-11-26,11:20:35,41,31,456
38,2021-01-16,07:37:44,43,43,457
31,2019-04-18,01:13:55,44,97,458
14,2016-10-04,08:21:14,52,25,459
32,2020-03-07,11:45:59,29,24,460
34,2017-06-07,17:02:21,22,20,461
35,2018-09-23,23:23:57,33,93,462
46,2021-01-01,23:30:34,23,82,463
85,2020-09-04,05:10:05,39,82,464
79,2017-12-02,20:21:52,14,86,465
97,2017-01-26,12:16:04,58,71,466
56,2019-10-02,03:42:10,39,78,467
18,2020-07-09,21:58:00,16,59,468
42,2019-02-11,09:05:52,44,65,469
32,2021-04-05,20:55:42,26,53,470
26,2019-05-11,22:18:42,30,52,471
50,2017-08-30,04:44:54,21,68,472
48,2018-04-15,04:29:33,40,17,473
5,2019-05-22,23:54:09,39,63,474
48,2020-12-07,22:08:43,45,39,475
17,2016-10-25,18:15:09,44,96,476
10,2021-02-26,10:43:29,38,25,477
53,2019-09-02,18:05:58,34,87,478
42,2017-02-06,13:37:55,13,13,479
39,2020-09-26,16:37:33,32,75,480
49,2017-01-01,23:55:40,13,30,481
16,2020-03-20,18:10:04,47,29,482
20,2021-04-24,00:07:47,33,46,483
61,2018-07-07,23:00:50,47,82,484
100,2020-08-12,08:48:20,21,69,485
98,2018-05-09,22:14:55,55,39,486
77,2017-11-19,09:17:39,16,11,487
19,2018-03-09,02:43:31,14,76,488
84,2020-07-23,07:03:07,39,60,489
84,2020-09-23,13:54:09,57,65,490
5,2016-12-29,18:51:28,23,70,491
87,2020-04-15,10:23:39,60,16,492
62,2018-08-10,12:52:55,26,49,493
76,2020-11-24,02:54:56,27,48,494
47,2017-12-16,22:18:54,54,94,495
77,2018-05-20,11:01:07,60,35,496
95,2019-06-13,05:35:13,52,13,497
50,2016-06-04,21:15:13,15,95,498
64,2017-01-20,19:37:17,33,42,499
39,2017-01-13,10:16:09,37,59,500
66,2017-08-10,13:44:11,47,95,501
92,2018-04-13,06:04:45,33,39,502
65,2020-05-18,17:02:23,35,24,503
13,2017-11-07,08:08:13,22,43,504
86,2017-06-21,19:55:16,38,76,505
50,2018-04-27,00:34:38,57,91,506
69,2017-11-29,21:29:35,25,80,507
38,2018-09-06,14:22:11,38,26,508
28,2017-11-05,13:01:25,19,39,509
49,2016-07-30,01:40:46,30,75,510
6,2018-02-27,00:24:34,12,20,511
55,2017-10-19,04:36:59,43,68,512
88,2020-04-08,13:44:18,60,43,513
62,2016-11-18,00:14:27,14,37,514
58,2021-02-13,19:39:43,30,31,515
64,2016-06-20,06:28:30,12,14,516
85,2017-05-19,05:27:26,35,60,517
65,2017-08-04,18:11:38,35,91,518
20,2019-06-26,15:17:23,48,42,519
33,2018-05-13,08:51:43,20,16,520
65,2017-06-22,23:53:11,25,84,521
84,2019-07-31,14:32:51,47,20,522
47,2020-10-25,15:00:14,17,10,523
29,2018-09-12,12:31:50,17,61,524
93,2020-07-17,18:02:49,18,21,525
66,2020-08-11,17:40:26,59,73,526
41,2018-07-22,10:12:50,38,93,527
55,2020-12-11,02:07:32,43,77,528
49,2018-03-27,02:19:22,42,29,529
10,2018-07-19,22:16:16,10,84,530
60,2018-10-01,16:12:09,52,99,531
100,2018-06-21,04:07:15,51,58,532
55,2020-12-27,02:53:22,40,23,533
22,2018-01-02,18:15:25,11,41,534
95,2017-08-10,10:38:57,40,72,535
65,2019-10-21,02:22:37,50,37,536
21,2017-04-04,19:19:19,58,12,537
63,2017-08-19,16:20:08,59,95,538
70,2019-07-26,05:21:58,41,44,539
49,2019-02-01,04:46:12,58,12,540
8,2019-09-24,09:04:55,18,34,541
16,2019-03-10,07:41:21,13,56,542
62,2017-06-16,12:07:45,30,73,543
72,2019-12-05,15:28:35,31,13,544
84,2016-12-13,20:36:29,22,36,545
61,2020-03-26,21:03:48,37,34,546
93,2017-05-24,11:04:46,60,85,547
60,2019-07-21,09:16:47,54,76,548
83,2019-05-25,05:08:18,53,36,549
100,2020-01-26,20:21:52,19,24,550
88,2018-02-03,18:49:35,49,68,551
22,2021-04-14,06:48:16,49,75,552
79,2018-06-22,03:10:03,37,39,553
26,2019-05-26,02:31:40,38,81,554
51,2017-02-24,02:45:50,15,38,555
2,2017-08-05,15:23:53,19,54,556
21,2021-03-06,12:19:02,55,66,557
29,2018-07-19,10:22:53,26,46,558
28,2018-11-09,03:20:05,14,25,559
47,2017-10-10,08:45:22,28,87,560
2,2021-02-11,00:44:10,31,12,561
19,2019-10-16,09:07:00,50,93,562
58,2020-09-17,14:10:03,36,51,563
33,2018-08-24,09:23:38,20,93,564
69,2018-03-31,04:15:18,19,28,565
81,2019-01-15,00:36:06,17,96,566
11,2019-11-21,15:24:37,20,29,567
23,2016-10-23,17:26:12,26,49,568
62,2020-08-07,09:05:05,16,18,569
82,2019-06-08,10:49:11,24,85,570
79,2017-06-09,22:34:27,45,63,571
94,2018-05-04,23:47:19,35,19,572
11,2021-04-15,22:34:38,45,53,573
60,2020-09-14,02:00:12,48,19,574
77,2020-07-07,00:19:50,46,91,575
44,2020-05-14,19:36:02,51,52,576
42,2020-09-27,15:15:33,16,29,577
92,2017-07-09,04:39:14,57,82,578
96,2018-06-20,02:10:50,48,97,579
80,2019-06-16,05:25:04,34,10,580
53,2016-05-22,22:50:15,43,63,581
79,2020-12-02,05:35:00,55,39,582
79,2019-01-24,00:03:03,59,49,583
76,2019-05-06,12:47:10,24,28,584
74,2020-11-22,04:56:29,56,43,585
63,2017-03-02,17:07:25,19,47,586
75,2017-09-17,22:02:25,42,33,587
47,2017-10-17,13:19:21,13,63,588
20,2016-05-04,01:25:32,48,66,589
76,2017-05-03,20:12:47,17,95,590
76,2020-09-01,03:44:19,53,61,591
57,2018-04-25,01:55:03,30,65,592
34,2017-09-18,16:43:39,59,51,593
84,2018-12-17,12:35:33,38,27,594
29,2018-09-24,07:50:10,38,74,595
3,2020-11-05,16:11:40,58,88,596
84,2021-01-02,10:20:49,33,48,597
96,2018-10-04,19:20:34,21,53,598
48,2017-10-04,15:29:03,12,34,599
95,2017-05-22,04:12:57,38,93,600
62,2016-07-14,13:49:40,23,73,601
25,2017-08-14,21:53:14,45,92,602
11,2020-09-11,18:29:05,18,18,603
28,2020-01-19,05:40:54,37,50,604
25,2016-05-02,14:53:34,21,24,605
70,2017-05-04,23:30:37,27,86,606
93,2017-11-04,00:11:21,41,100,607
74,2018-05-02,23:30:51,43,71,608
15,2016-05-02,12:26:03,12,89,609
49,2021-01-22,05:29:28,36,74,610
46,2019-01-17,00:19:26,10,16,611
99,2016-05-07,07:54:11,48,87,612
57,2021-03-28,16:15:53,12,76,613
47,2018-04-07,15:11:22,34,24,614
52,2020-03-25,00:41:49,24,56,615
10,2020-02-16,13:12:58,37,84,616
15,2018-08-25,18:46:47,50,42,617
60,2016-10-19,09:54:34,33,88,618
2,2020-09-16,19:23:38,51,76,619
32,2018-06-08,19:59:20,20,17,620
75,2019-11-10,03:33:47,53,78,621
65,2021-04-15,02:36:48,16,16,622
96,2020-06-30,10:48:10,47,21,623
54,2018-02-04,08:45:13,12,67,624
51,2020-11-24,19:41:46,33,38,625
66,2018-11-05,08:41:17,25,58,626
77,2019-09-03,08:55:40,42,21,627
69,2017-05-30,06:21:37,40,65,628
19,2020-05-15,06:30:36,58,97,629
45,2021-02-10,09:01:42,30,58,630
25,2019-10-02,14:39:11,57,30,631
2,2018-07-08,16:46:54,25,26,632
62,2020-06-12,15:38:40,51,16,633
86,2021-03-17,02:00:46,24,91,634
52,2020-08-09,22:06:44,51,64,635
1,2017-05-09,02:10:20,54,46,636
53,2017-12-11,00:12:12,12,16,637
18,2018-03-14,02:34:34,40,87,638
55,2016-07-10,19:53:44,12,11,639
47,2016-12-02,03:48:59,60,22,640
25,2020-12-10,16:27:38,56,29,641
64,2017-10-28,06:10:54,27,81,642
89,2017-03-04,10:27:58,11,57,643
33,2019-08-06,19:59:26,43,76,644
75,2018-04-09,17:10:59,12,66,645
81,2020-03-26,23:25:29,55,54,646
53,2017-05-03,02:46:32,44,94,647
62,2019-07-02,01:00:41,18,48,648
100,2020-01-07,22:30:52,44,31,649
41,2017-10-08,10:36:24,29,59,650
7,2017-12-05,08:32:33,36,71,651
28,2017-07-01,12:02:00,41,68,652
13,2019-01-15,22:06:23,28,19,653
31,2019-05-21,15:10:44,25,34,654
98,2017-07-07,19:58:07,35,81,655
12,2017-05-16,14:18:33,49,50,656
25,2017-07-25,16:58:30,58,61,657
24,2021-03-15,18:35:30,10,59,658
70,2020-03-28,04:52:41,30,92,659
62,2019-09-15,06:07:00,50,13,660
64,2020-10-04,17:35:13,30,23,661
38,2017-05-26,15:28:11,31,75,662
13,2016-08-16,18:32:36,54,17,663
52,2020-05-03,12:22:30,22,27,664
95,2018-02-09,11:14:27,22,26,665
36,2017-09-22,18:51:34,11,59,666
8,2020-06-23,09:48:15,15,28,667
4,2018-05-24,20:18:46,27,27,668
87,2019-02-24,14:50:45,56,88,669
7,2018-03-12,05:21:13,44,85,670
27,2019-12-05,19:53:54,46,22,671
42,2018-03-30,21:46:47,60,29,672
21,2019-06-11,12:58:10,60,16,673
21,2018-10-05,12:28:48,10,26,674
87,2019-06-22,10:00:16,49,57,675
27,2016-10-20,21:19:46,31,11,676
85,2019-12-02,14:51:43,57,31,677
27,2018-10-24,15:36:09,20,67,678
41,2016-07-19,17:25:19,33,59,679
51,2018-03-08,06:17:05,48,94,680
43,2017-07-11,02:34:14,12,69,681
38,2018-03-14,12:45:01,36,35,682
42,2017-02-26,07:01:29,51,57,683
58,2017-04-20,04:51:22,24,53,684
83,2019-07-11,07:13:21,52,11,685
2,2020-06-14,16:58:34,56,68,686
25,2016-11-14,16:02:53,18,64,687
39,2019-01-18,14:40:49,29,50,688
23,2018-11-18,14:55:52,12,23,689
60,2016-07-22,00:54:27,10,72,690
33,2019-07-31,09:37:34,35,71,691
65,2016-05-20,08:09:33,51,41,692
41,2019-07-13,16:07:20,47,65,693
38,2018-09-24,05:38:23,44,10,694
79,2021-01-20,17:06:29,20,71,695
48,2019-04-09,14:44:12,56,91,696
88,2018-12-18,23:37:54,30,62,697
55,2018-08-03,00:31:57,21,31,698
94,2020-08-29,03:29:05,21,66,699
11,2019-12-10,06:27:06,51,42,700
54,2018-01-07,10:20:42,21,91,701
98,2017-01-21,22:35:59,39,78,702
8,2021-03-01,03:38:16,10,12,703
66,2019-02-10,04:35:49,35,61,704
80,2017-08-02,15:44:08,34,100,705
49,2020-06-12,01:43:03,40,17,706
8,2018-06-12,18:31:11,40,28,707
90,2018-08-01,03:43:34,16,72,708
37,2017-02-06,16:15:24,49,31,709
3,2016-09-10,19:37:37,28,34,710
60,2021-01-19,17:54:13,32,90,711
86,2018-07-08,03:33:54,50,73,712
22,2020-09-12,13:49:28,28,77,713
15,2017-05-13,03:31:14,11,94,714
36,2018-12-09,20:31:45,23,76,715
43,2018-01-20,01:17:38,60,27,716
15,2017-06-30,22:53:58,44,32,717
27,2016-05-05,23:19:05,38,91,718
23,2017-12-11,06:47:30,50,88,719
57,2016-12-14,14:57:15,60,70,720
85,2020-11-30,19:32:41,42,35,721
3,2016-10-25,14:01:02,34,15,722
44,2019-03-27,10:22:04,33,74,723
59,2018-06-28,10:20:20,22,38,724
58,2018-10-25,00:37:25,41,96,725
6,2017-02-15,13:59:31,14,62,726
32,2017-10-08,20:05:45,40,30,727
46,2016-06-13,18:00:44,12,50,728
63,2020-03-12,13:14:45,17,58,729
93,2020-01-28,11:38:23,20,21,730
88,2016-08-27,06:45:26,19,81,731
1,2017-03-19,11:44:58,29,100,732
40,2020-04-03,02:45:01,54,85,733
69,2020-11-26,07:34:48,22,59,734
38,2020-03-02,21:53:10,35,15,735
33,2017-08-22,01:11:03,47,70,736
56,2020-07-04,11:47:25,60,97,737
63,2020-04-30,15:52:44,47,36,738
10,2019-07-26,01:33:34,38,46,739
42,2016-10-19,17:56:52,30,32,740
89,2020-11-22,17:49:08,28,70,741
8,2019-04-24,12:12:29,59,83,742
84,2020-01-10,05:59:36,25,82,743
99,2018-11-26,04:16:00,54,18,744
24,2021-04-02,00:58:09,49,68,745
43,2018-03-25,16:13:37,27,91,746
49,2016-10-26,18:18:17,42,45,747
60,2020-09-24,23:00:02,13,12,748
35,2020-07-22,07:28:12,38,43,749
10,2018-04-14,22:18:54,31,39,750
91,2019-10-19,03:32:03,44,87,751
51,2020-03-23,08:27:34,22,18,752
88,2016-04-27,05:21:35,16,44,753
12,2017-08-24,21:23:13,22,67,754
85,2020-02-22,04:42:58,17,40,755
90,2018-04-14,19:12:29,37,11,756
27,2021-04-22,02:41:07,60,46,757
23,2017-03-12,08:28:02,21,39,758
81,2017-05-31,02:11:56,51,29,759
21,2019-05-17,19:54:30,48,64,760
6,2020-04-21,23:44:58,17,40,761
51,2016-05-14,19:29:00,41,81,762
35,2020-11-04,13:03:26,45,26,763
14,2020-05-30,14:19:58,39,53,764
3,2018-03-23,19:45:40,12,42,765
65,2019-05-18,07:01:11,40,90,766
23,2018-11-05,14:04:30,29,26,767
54,2019-09-12,15:26:40,13,95,768
49,2020-05-23,15:20:56,15,92,769
6,2020-01-19,10:09:58,39,72,770
59,2018-12-26,10:59:23,18,24,771
52,2019-11-10,17:07:08,24,62,772
33,2020-09-29,03:30:29,44,89,773
98,2017-05-05,01:11:18,55,85,774
3,2016-08-17,10:34:03,49,74,775
37,2020-08-24,22:06:30,40,23,776
42,2016-11-13,12:49:22,34,62,777
86,2016-12-24,18:53:03,60,75,778
15,2016-06-23,18:03:10,40,46,779
29,2017-12-12,09:53:53,51,37,780
75,2021-03-10,04:04:23,34,90,781
54,2017-10-18,09:02:24,56,32,782
95,2018-12-27,21:04:15,40,87,783
35,2018-07-21,20:21:24,17,74,784
38,2017-02-28,21:48:43,43,51,785
85,2021-03-26,00:42:11,31,20,786
62,2017-09-26,18:01:53,18,21,787
4,2016-07-08,18:42:50,29,90,788
63,2019-03-12,19:19:45,50,13,789
68,2020-02-11,15:55:51,24,94,790
52,2020-07-25,19:25:34,15,85,791
90,2017-10-28,09:21:18,13,62,792
74,2020-03-05,21:12:52,10,13,793
86,2019-03-30,01:03:37,58,84,794
99,2018-02-25,03:57:25,45,18,795
30,2020-06-09,17:35:28,12,40,796
65,2016-09-10,12:14:30,39,28,797
22,2018-03-07,15:10:19,53,20,798
86,2019-10-16,20:59:59,54,22,799
100,2021-03-16,01:32:05,25,71,800
78,2017-09-22,23:48:46,35,92,801
39,2018-04-17,15:01:41,14,96,802
85,2020-05-10,06:49:49,25,88,803
23,2017-08-27,16:53:36,37,32,804
48,2017-06-12,05:36:31,51,98,805
12,2020-04-23,13:58:20,18,82,806
82,2019-12-17,11:21:31,27,54,807
16,2020-08-03,03:27:04,24,50,808
27,2017-11-21,07:26:12,19,69,809
29,2020-06-17,02:39:00,34,87,810
42,2020-02-09,07:54:57,44,35,811
1,2020-03-17,18:37:22,35,65,812
13,2016-08-24,01:34:17,31,10,813
86,2021-04-22,04:59:09,26,28,814
91,2019-01-12,18:11:33,12,81,815
98,2018-12-12,07:04:35,59,96,816
66,2020-11-29,19:40:31,28,59,817
19,2017-01-02,01:14:54,51,43,818
75,2018-03-21,00:44:55,27,90,819
76,2021-02-07,13:53:54,20,79,820
76,2018-04-17,19:05:19,21,18,821
10,2020-06-26,09:14:48,23,11,822
86,2018-03-29,23:51:02,39,12,823
92,2020-04-16,19:16:10,50,51,824
95,2020-01-29,00:22:27,49,67,825
76,2021-03-29,01:41:51,58,20,826
88,2020-05-16,04:19:41,36,88,827
60,2020-10-03,03:27:38,19,74,828
9,2018-04-23,20:59:44,18,62,829
49,2021-02-20,22:32:09,16,77,830
100,2020-08-01,14:13:15,35,74,831
84,2018-06-27,14:50:07,55,60,832
29,2020-08-07,06:15:45,25,56,833
13,2018-11-23,10:22:19,54,31,834
100,2018-10-11,10:57:23,17,51,835
21,2019-03-09,01:54:31,25,32,836
64,2017-03-19,12:43:52,29,29,837
58,2016-12-07,04:58:53,33,61,838
3,2017-02-21,17:21:15,56,86,839
27,2018-07-14,23:19:19,31,46,840
92,2017-09-13,03:30:08,60,21,841
1,2019-11-19,16:53:01,17,42,842
10,2017-05-26,11:24:48,28,59,843
70,2017-02-23,22:22:42,29,94,844
72,2018-06-06,06:53:30,57,14,845
92,2017-02-15,00:28:31,24,64,846
90,2019-06-26,06:17:07,17,36,847
10,2021-01-11,20:09:31,39,34,848
80,2016-11-10,00:55:06,20,65,849
87,2019-03-03,20:09:55,39,84,850
59,2020-01-18,07:26:58,49,77,851
5,2018-07-14,07:35:55,38,67,852
45,2021-03-09,16:52:56,47,59,853
43,2018-09-20,06:30:01,16,67,854
16,2016-05-05,12:56:13,38,81,855
51,2020-02-03,00:47:15,10,54,856
29,2020-08-22,10:04:38,12,47,857
97,2018-04-23,11:18:42,45,45,858
94,2016-08-31,13:47:40,10,54,859
49,2016-06-23,20:09:10,38,97,860
48,2018-05-30,13:06:50,44,53,861
9,2017-09-29,04:08:16,36,95,862
70,2019-02-27,06:47:20,58,38,863
34,2020-01-18,14:38:04,16,77,864
34,2018-03-23,18:20:04,25,16,865
93,2016-06-15,10:45:53,54,81,866
60,2017-04-03,14:17:59,27,49,867
50,2020-01-18,11:22:48,38,13,868
62,2020-06-05,06:03:23,14,28,869
90,2020-11-13,23:12:14,20,80,870
16,2019-03-01,20:55:49,46,19,871
18,2016-12-08,23:20:00,15,16,872
7,2019-08-26,12:29:25,31,16,873
100,2016-10-05,17:35:05,60,44,874
84,2019-01-25,18:09:10,17,13,875
76,2016-11-23,22:27:38,35,56,876
69,2018-12-26,23:23:38,23,35,877
94,2021-01-09,22:48:10,24,62,878
2,2021-01-03,18:18:14,60,24,879
87,2018-02-23,08:10:18,13,63,880
85,2018-12-10,09:43:08,23,90,881
33,2020-01-23,18:25:34,41,35,882
50,2018-07-12,00:24:12,32,19,883
60,2020-01-14,10:49:59,16,39,884
30,2017-04-07,08:09:56,21,14,885
27,2018-02-05,14:39:25,36,68,886
80,2017-01-06,03:52:31,57,61,887
79,2016-04-27,14:09:11,27,52,888
64,2016-09-12,13:50:06,30,78,889
58,2020-07-29,23:47:35,27,83,890
20,2017-04-18,01:39:19,38,50,891
59,2017-07-10,08:25:16,25,42,892
68,2017-07-13,12:20:41,12,96,893
14,2018-03-10,04:30:19,23,19,894
49,2016-09-28,13:45:55,44,94,895
50,2020-06-10,12:21:52,44,53,896
78,2019-08-06,04:34:39,32,84,897
77,2017-10-19,00:26:27,56,54,898
95,2018-03-06,07:06:13,45,17,899
23,2016-10-26,19:48:15,57,43,900
67,2018-05-03,04:30:38,12,48,901
45,2019-07-18,14:10:51,39,76,902
19,2017-09-06,02:11:08,37,43,903
19,2017-07-02,05:49:25,32,96,904
11,2018-04-22,04:31:06,11,36,905
78,2017-08-28,22:04:30,30,75,906
52,2018-10-05,13:47:42,13,93,907
64,2020-12-30,03:59:02,37,68,908
46,2020-11-18,03:09:46,24,13,909
25,2020-07-03,19:42:36,46,98,910
32,2020-10-22,17:04:28,10,34,911
40,2018-09-22,02:46:45,29,86,912
82,2016-09-11,11:08:34,59,76,913
26,2020-01-13,17:16:13,14,51,914
10,2020-01-14,12:19:18,58,87,915
84,2021-03-03,05:41:58,19,26,916
89,2018-07-24,11:51:25,50,33,917
66,2017-12-19,02:45:45,12,61,918
96,2020-10-31,10:10:22,26,47,919
67,2019-09-29,08:56:54,13,15,920
94,2018-07-21,14:37:24,60,11,921
72,2018-06-29,01:11:39,22,83,922
10,2019-06-22,03:17:52,31,63,923
1,2019-09-04,16:31:08,14,36,924
30,2017-07-16,08:27:29,22,23,925
69,2017-05-22,10:01:06,40,89,926
85,2018-07-17,20:14:31,54,52,927
23,2019-04-27,13:19:27,44,43,928
56,2017-04-08,18:24:26,59,72,929
32,2019-01-16,11:05:35,21,87,930
26,2016-11-20,13:55:17,14,25,931
6,2019-01-26,23:31:59,38,56,932
36,2018-04-16,00:25:46,41,10,933
76,2018-12-28,02:49:24,40,13,934
52,2017-08-02,16:37:53,29,29,935
74,2018-09-26,22:51:44,59,64,936
38,2021-02-21,14:39:45,56,54,937
5,2018-08-06,13:13:28,48,44,938
77,2018-07-19,14:40:56,25,24,939
4,2017-02-18,01:54:52,25,99,940
10,2020-08-28,15:40:46,56,79,941
51,2020-09-18,07:45:24,51,10,942
95,2020-02-26,14:50:05,12,79,943
65,2021-01-21,11:26:49,15,77,944
17,2017-01-02,22:44:32,40,77,945
13,2018-12-09,11:47:41,37,61,946
85,2020-07-12,10:13:36,36,95,947
36,2017-01-18,16:53:51,17,98,948
61,2019-09-25,20:06:09,42,78,949
14,2020-09-30,08:53:35,11,50,950
6,2017-12-31,22:02:59,15,74,951
93,2017-01-18,06:59:18,58,88,952
84,2017-12-24,17:50:23,36,92,953
17,2020-01-04,16:02:41,56,21,954
25,2019-11-27,20:06:02,27,47,955
53,2018-02-21,13:01:39,59,36,956
4,2017-05-31,11:24:02,36,72,957
51,2018-03-30,13:33:09,30,65,958
97,2020-04-20,14:41:13,44,62,959
36,2017-10-16,23:56:32,25,42,960
19,2016-12-31,22:05:28,50,21,961
10,2016-09-20,17:26:43,40,28,962
10,2019-01-18,05:52:27,41,96,963
39,2019-06-07,07:23:41,52,79,964
29,2018-11-23,03:09:48,22,17,965
82,2020-03-01,19:54:25,13,58,966
98,2017-08-14,09:58:05,40,42,967
1,2018-02-01,05:05:45,50,62,968
40,2017-01-09,07:21:44,19,98,969
13,2016-07-21,03:59:15,20,21,970
68,2019-03-05,19:39:40,17,39,971
53,2021-01-16,11:33:39,15,91,972
51,2016-12-03,03:38:38,29,70,973
43,2018-01-19,00:35:17,51,64,974
57,2020-07-27,16:40:05,57,19,975
32,2020-04-10,13:21:08,50,51,976
91,2019-11-03,16:02:11,34,13,977
84,2018-04-30,08:41:18,28,75,978
40,2020-05-10,06:27:15,42,66,979
21,2021-03-21,15:41:42,60,76,980
69,2020-08-06,20:52:35,11,70,981
1,2019-01-18,05:51:34,26,86,982
12,2017-04-25,21:27:38,20,10,983
79,2019-12-19,16:53:49,60,38,984
26,2017-03-09,11:30:02,20,22,985
11,2020-02-01,22:34:53,53,29,986
72,2018-09-12,16:57:42,30,72,987
91,2019-08-09,09:00:05,25,36,988
97,2016-11-10,05:24:34,14,33,989
92,2016-07-31,23:26:24,27,21,990
99,2016-08-14,03:29:07,56,10,991
37,2018-05-05,17:29:46,30,89,992
35,2019-09-04,21:31:34,60,49,993
40,2017-11-01,23:19:41,14,88,994
79,2021-04-19,04:15:21,49,94,995
96,2020-07-30,07:18:36,27,34,996
88,2019-09-18,21:52:34,31,23,997
56,2018-05-21,08:18:03,50,84,998
38,2020-08-19,21:13:37,14,72,999
54,2020-12-06,16:30:14,34,50,1000
